Player,Age,Pos,G,MP,FG%,3P%,eFG%,FT%,ORB,DRB,TRB,AST,STL,BLK,TOV,PF,PTS,Tm,2024-25,2025-26,2026-27,2027-28,2028-29,2029-30,Guaranteed,contract_length
Stephen Curry,36.0,PG,57.0,32.2,0.448,0.398,0.573,0.936,0.6,3.8,4.4,6.1,1.1,0.4,2.9,1.4,24.3,GSW,55761216,59606817,62587158,0,0,0,177955191,3
Joel Embiid,30.0,C,19.0,30.2,0.444,0.299,0.481,0.882,1.9,6.3,8.2,4.5,0.7,0.9,3.3,2.2,23.8,PHI,51415938,55224526,57985752,62624612,67263472,0,227250828,5
Nikola Jokić,29.0,C,60.0,36.4,0.577,0.428,0.627,0.808,2.9,10.0,12.9,10.4,1.8,0.7,3.3,2.3,29.0,DEN,51415938,55224526,59033114,62841702,0,0,165673578,4
Kevin Durant,36.0,PF,53.0,37.1,0.529,0.413,0.597,0.83,0.4,5.8,6.2,4.3,0.8,1.3,3.1,1.7,26.8,PHO,51179021,54708609,0,0,0,0,105887630,2
Bradley Beal,31.0,SG,46.0,32.7,0.506,0.393,0.577,0.824,0.7,2.7,3.5,3.7,1.0,0.5,2.0,2.6,17.7,PHO,50203930,53666270,57128610,0,0,0,103870200,3
Jaylen Brown,28.0,SF,55.0,35.4,0.46,0.316,0.509,0.759,1.5,4.6,6.1,4.7,1.3,0.3,2.7,2.6,23.0,BOS,49205800,53142264,57078728,61015192,64951656,0,285393640,5
Devin Booker,28.0,SG,60.0,37.5,0.457,0.346,0.528,0.889,1.0,3.1,4.1,6.8,1.0,0.2,2.8,2.7,25.9,PHO,49205800,53142264,57078728,61015192,0,0,220441984,4
Karl-Anthony Towns,29.0,C,58.0,35.1,0.524,0.422,0.586,0.833,3.0,10.1,13.2,3.1,1.0,0.7,2.6,3.5,24.2,NYK,49205800,53142264,57078728,61015192,0,0,159426792,4
Paul George,34.0,PF,41.0,32.5,0.43,0.358,0.514,0.814,0.6,4.8,5.3,4.3,1.8,0.5,2.6,2.5,16.2,PHI,49205800,51666090,54126380,56586670,0,0,154998270,4
Kawhi Leonard,33.0,SF,23.0,29.7,0.462,0.361,0.521,0.754,1.0,4.2,5.1,2.8,1.3,0.5,2.1,1.5,18.6,LAC,49205800,50000000,50300000,0,0,0,149505800,3
Jimmy Butler,35.0,SF,39.0,31.0,0.508,0.295,0.53,0.833,2.3,3.1,5.4,5.2,1.2,0.3,1.3,0.9,16.9,GSW,48798677,54126450,56832773,0,0,0,159757900,3
Giannis Antetokounmpo,30.0,PF,53.0,33.8,0.603,0.182,0.607,0.594,2.3,9.8,12.1,5.9,0.8,1.2,3.3,2.4,30.5,MIL,48787676,54126450,58456566,62786682,0,0,161370692,4
Damian Lillard,34.0,PG,55.0,36.2,0.451,0.375,0.549,0.922,0.5,4.2,4.7,7.2,1.2,0.2,2.9,1.7,25.2,MIL,48787676,54126450,58456566,0,0,0,102914126,3
LeBron James,40.0,SF,58.0,34.9,0.517,0.384,0.579,0.77,1.0,7.2,8.2,8.5,0.9,0.6,3.9,1.5,25.0,LAL,48728845,52627153,0,0,0,0,48728845,2
Zach LaVine,29.0,SF,58.0,34.8,0.514,0.443,0.61,0.823,0.3,4.3,4.6,4.3,0.9,0.2,2.9,1.4,23.7,SAC,44531940,47499660,48967380,0,0,0,92031600,3
Rudy Gobert,32.0,C,57.0,33.0,0.654,0.0,0.654,0.685,3.5,6.9,10.4,1.9,0.7,1.5,1.3,2.4,11.1,MIN,43827586,35000000,36500000,38000000,0,0,115327586,4
Anthony Davis,31.0,PF,43.0,34.2,0.528,0.313,0.548,0.786,2.9,9.1,12.0,3.4,1.3,2.2,2.2,1.9,25.7,DAL,43219440,54126450,58456566,62786682,0,0,155802456,4
Luka Dončić,25.0,PG,35.0,35.1,0.445,0.35,0.527,0.763,0.8,7.6,8.4,7.7,1.9,0.4,3.7,2.6,27.4,LAL,43031940,45999660,48967380,0,0,0,89031600,3
Trae Young,26.0,PG,61.0,36.2,0.403,0.322,0.479,0.873,0.5,2.7,3.1,11.5,1.1,0.2,4.8,2.0,24.0,ATL,43031940,45999660,48967380,0,0,0,89031600,3
Fred VanVleet,30.0,PG,47.0,35.3,0.384,0.34,0.486,0.824,0.6,3.2,3.9,5.7,1.7,0.4,1.5,2.4,14.3,HOU,42846615,44886930,0,0,0,0,42846615,2
Anthony Edwards,23.0,SG,64.0,36.4,0.442,0.406,0.542,0.835,0.8,5.2,6.0,4.6,1.1,0.6,3.3,1.8,27.2,MIN,42176400,45550512,48924624,52298736,55672848,0,244623120,5
Tyrese Haliburton,24.0,PG,60.0,34.0,0.467,0.389,0.577,0.863,0.6,2.9,3.5,8.9,1.5,0.6,1.7,1.3,18.5,IND,42176400,45550512,48924624,52298736,55672848,0,244623120,5
Lauri Markkanen,27.0,PF,44.0,32.0,0.424,0.347,0.522,0.872,1.6,4.5,6.1,1.5,0.8,0.4,1.4,1.7,19.2,UTA,42176400,46394100,46113154,49824681,53536209,0,238044544,5
Pascal Siakam,30.0,PF,64.0,32.9,0.524,0.401,0.581,0.747,1.7,5.5,7.2,3.3,0.9,0.5,1.3,2.5,20.8,IND,42176400,45550512,48924624,52298736,0,0,188950272,4
Kyrie Irving,32.0,SG,50.0,36.1,0.473,0.401,0.549,0.916,1.2,3.6,4.8,4.6,1.3,0.5,2.2,2.0,24.7,DAL,41000000,43962963,0,0,0,0,41000000,2
Domantas Sabonis,28.0,C,56.0,35.3,0.596,0.432,0.635,0.747,3.9,10.2,14.1,6.2,0.6,0.4,3.0,3.4,19.5,SAC,40500000,43636000,46772000,49908000,0,0,180816000,4
Ben Simmons,28.0,PG,38.0,24.5,0.552,0.0,0.552,0.727,0.9,4.3,5.2,6.7,0.9,0.5,2.4,2.4,6.3,BKN,40011909,0,0,0,0,0,39256083,1
Zion Williamson,24.0,PF,28.0,28.5,0.563,0.231,0.566,0.65,2.6,4.7,7.3,5.3,1.2,0.9,3.0,2.6,24.2,NOP,36725670,39446090,42166510,44886930,0,0,163225200,4
Ja Morant,25.0,PG,42.0,29.9,0.439,0.291,0.485,0.832,0.6,3.4,4.0,7.5,1.2,0.3,3.8,2.2,21.8,MEM,36725670,39446090,42166510,44886930,0,0,163225200,4
Darius Garland,25.0,PG,61.0,30.4,0.477,0.411,0.571,0.881,0.6,2.0,2.6,6.7,1.2,0.2,2.4,2.0,21.0,CLE,36725670,39446090,42166510,44886930,0,0,163225200,4
OG Anunoby,27.0,PF,59.0,36.7,0.468,0.365,0.553,0.794,1.4,3.4,4.8,2.2,1.4,0.9,1.4,2.3,16.6,NYK,36637932,39568966,42500000,45431034,48362068,0,164137932,5
Jamal Murray,27.0,PG,59.0,36.3,0.472,0.394,0.541,0.886,0.6,3.1,3.8,6.1,1.4,0.5,2.1,1.9,21.4,DEN,36016200,46394100,50105628,53817156,57528684,0,243861768,5
Brandon Ingram,27.0,SF,18.0,33.1,0.465,0.374,0.53,0.855,0.9,4.6,5.6,5.2,0.9,0.6,3.8,2.5,22.2,TOR,36016200,38095238,40000000,41904762,0,0,114111438,4
Shai Gilgeous-Alexander,26.0,PG,64.0,34.3,0.525,0.371,0.576,0.9,0.9,4.2,5.1,6.2,1.8,1.0,2.6,2.3,32.8,OKC,35859950,38333050,40806150,0,0,0,114999150,3
Michael Porter Jr.,26.0,SF,63.0,33.7,0.506,0.401,0.598,0.745,1.8,5.1,7.0,2.1,0.6,0.4,1.3,1.9,18.3,DEN,35859950,38333050,40806150,0,0,0,86193000,3
Donovan Mitchell,28.0,SG,60.0,31.3,0.451,0.384,0.544,0.819,0.7,3.6,4.3,4.8,1.3,0.2,2.1,2.0,24.2,CLE,35410310,46394100,50105628,53817156,0,0,131910038,4
Tyrese Maxey,24.0,PG,52.0,37.7,0.437,0.337,0.511,0.879,0.3,3.1,3.3,6.1,1.8,0.4,2.4,2.2,26.3,PHI,35147000,37958760,40770520,43582280,46394040,0,203852600,5
LaMelo Ball,23.0,PG,42.0,32.2,0.4,0.33,0.487,0.836,1.0,4.2,5.2,7.1,1.2,0.3,3.5,3.4,25.5,CHO,35147000,37958760,40770520,43582280,46394040,0,203852600,5
Jayson Tatum,26.0,PF,61.0,36.6,0.456,0.354,0.545,0.807,0.7,8.1,8.8,5.9,1.1,0.5,2.9,2.2,27.2,BOS,34848340,54126450,58456566,62786682,67116798,71446914,277334836,6
Bam Adebayo,27.0,C,63.0,34.5,0.488,0.31,0.518,0.754,2.5,7.5,10.0,4.4,1.3,0.7,2.1,2.2,17.7,MIA,34848340,37096620,48713700,52610796,56507892,0,173269456,5
De'Aaron Fox,27.0,PG,62.0,36.1,0.463,0.31,0.514,0.827,0.9,3.9,4.8,6.3,1.5,0.4,2.8,2.6,23.5,SAS,34848340,37096620,0,0,0,0,71944960,2
Desmond Bane,26.0,SG,54.0,31.6,0.486,0.377,0.562,0.882,0.9,5.3,6.2,5.5,1.2,0.5,2.5,2.4,18.7,MEM,34005250,36725670,39446090,42166510,44886930,0,197230450,5
Deandre Ayton,26.0,C,40.0,30.2,0.566,0.188,0.573,0.667,3.1,7.1,10.2,1.6,0.8,1.0,1.7,2.2,14.4,POR,34005126,35550814,0,0,0,0,69555940,2
James Harden,35.0,PG,63.0,35.1,0.392,0.341,0.482,0.87,0.7,5.1,5.8,8.7,1.5,0.6,4.5,2.0,22.3,LAC,33653846,36346154,0,0,0,0,33653846,2
CJ McCollum,33.0,PG,51.0,32.8,0.448,0.381,0.535,0.734,0.7,3.0,3.7,3.9,0.7,0.5,1.8,2.3,21.2,NOP,33333333,30666666,0,0,0,0,63999999,2
Julius Randle,30.0,PF,54.0,32.5,0.474,0.323,0.527,0.817,2.2,5.0,7.2,4.7,0.7,0.2,2.9,2.5,18.9,MIN,33073920,30935520,0,0,0,0,33073920,2
Immanuel Quickley,25.0,PG,25.0,28.4,0.425,0.38,0.521,0.854,0.4,3.0,3.4,5.5,0.6,0.1,1.8,1.9,17.2,TOR,32500000,32500000,32500000,32500000,32500000,0,162500000,5
Khris Middleton,33.0,SF,32.0,23.6,0.492,0.359,0.562,0.857,0.3,3.5,3.9,4.3,1.0,0.3,1.7,2.2,12.5,WAS,31000000,33296296,0,0,0,0,31000000,2
Jrue Holiday,34.0,PG,50.0,30.3,0.438,0.337,0.532,0.9,1.2,3.1,4.3,3.6,1.0,0.4,1.3,1.6,10.7,BOS,30000000,32400000,34800000,37200000,0,0,97200000,4
Isaiah Hartenstein,26.0,C,45.0,28.2,0.573,0.0,0.573,0.674,2.9,8.2,11.1,3.9,0.8,1.0,1.7,3.0,11.1,OKC,30000000,28500000,28500000,0,0,0,58500000,3
Jerami Grant,30.0,PF,47.0,32.4,0.373,0.365,0.467,0.849,0.6,2.9,3.5,2.1,0.9,1.0,1.4,2.3,14.4,POR,29793104,32000001,34206898,36413790,0,0,96000003,4
Jordan Poole,25.0,SG,55.0,30.9,0.421,0.374,0.529,0.879,0.5,2.8,3.3,4.7,1.4,0.5,3.2,3.2,21.0,WAS,29651786,31848215,34044642,0,0,0,95544643,3
Dejounte Murray,28.0,PG,31.0,32.6,0.393,0.299,0.445,0.823,0.5,5.9,6.5,7.4,2.0,0.4,3.4,2.0,17.5,NOP,29517135,31557103,33597072,31619506,0,0,94671310,4
Devin Vassell,24.0,SG,49.0,30.6,0.435,0.348,0.516,0.785,0.6,3.2,3.8,2.9,1.3,0.5,1.4,1.6,15.9,SAS,29347826,27000000,27000000,24652174,27000000,0,135000000,5
Kristaps Porziņģis,29.0,C,32.0,28.9,0.474,0.403,0.562,0.813,1.6,5.2,6.8,1.9,0.8,1.6,1.2,2.8,18.9,BOS,29268293,30731707,0,0,0,0,60000000,2
Tyler Herro,25.0,SG,62.0,35.7,0.461,0.369,0.557,0.859,0.4,5.0,5.4,5.7,0.8,0.2,2.6,1.2,23.9,MIA,29000000,31000000,33000000,0,0,0,93000000,3
Nic Claxton,25.0,C,58.0,27.2,0.549,0.063,0.551,0.53,2.2,5.2,7.4,2.3,0.9,1.5,1.2,2.2,10.2,BKN,27556817,25352272,23147727,20943184,0,0,97000000,4
Miles Bridges,26.0,PF,51.0,32.5,0.442,0.332,0.509,0.872,1.1,6.7,7.9,3.8,0.8,0.7,2.1,1.6,21.4,CHO,27173913,25000000,22826087,0,0,0,75000000,3
John Collins,27.0,PF,40.0,30.5,0.527,0.399,0.583,0.848,2.2,6.0,8.2,2.0,1.0,1.0,2.6,2.9,19.0,UTA,26580000,26580000,0,0,0,0,26580000,2
Andrew Wiggins,29.0,SF,52.0,30.9,0.44,0.366,0.517,0.775,1.6,3.0,4.6,2.5,0.9,0.8,1.5,1.7,17.8,MIA,26276786,28223215,30169644,0,0,0,54500001,3
Anfernee Simons,25.0,SG,63.0,32.8,0.43,0.369,0.526,0.908,0.3,2.4,2.8,4.8,0.9,0.1,2.1,1.7,19.3,POR,25892857,27678571,0,0,0,0,53571428,2
RJ Barrett,24.0,SF,51.0,33.1,0.472,0.361,0.528,0.649,1.0,5.5,6.5,5.7,0.8,0.3,3.0,2.5,21.6,TOR,25794643,27705357,29616071,0,0,0,83116071,3
Tobias Harris,32.0,PF,63.0,32.2,0.473,0.341,0.529,0.868,1.0,5.1,6.1,2.2,1.0,0.8,1.1,1.9,13.9,DET,25365854,26634146,0,0,0,0,52000000,2
Jaren Jackson Jr.,25.0,C,59.0,29.4,0.497,0.365,0.555,0.772,1.3,4.5,5.8,2.1,1.3,1.6,2.2,3.4,22.7,MEM,25257798,23413395,0,0,0,0,48671193,2
Jonathan Isaac,27.0,PF,58.0,16.1,0.415,0.266,0.48,0.67,1.7,2.9,4.7,0.5,0.8,1.1,0.4,1.4,5.7,ORL,25000000,15000000,14500000,14500000,15000000,0,69000000,5
Jalen Brunson,28.0,PG,61.0,35.4,0.49,0.384,0.552,0.825,0.4,2.6,3.0,7.4,1.0,0.1,2.5,2.2,26.3,NYK,24960001,34944001,37739521,40535041,43330561,0,138178564,5
Terry Rozier,30.0,PG,57.0,27.0,0.401,0.305,0.474,0.857,0.7,3.1,3.8,2.7,0.6,0.2,1.3,1.3,11.5,MIA,24924126,26643031,0,0,0,0,51567157,2
Kyle Kuzma,29.0,PF,48.0,29.6,0.423,0.288,0.474,0.628,0.8,5.4,6.2,2.3,0.5,0.2,2.3,1.7,14.7,MIL,24456061,22410605,20345152,0,0,0,67211818,3
Draymond Green,34.0,PF,52.0,28.8,0.432,0.341,0.51,0.68,1.1,5.0,6.1,5.8,1.4,1.0,2.5,3.1,9.2,GSW,24107143,25892857,27678571,0,0,0,77678571,3
DeMar DeRozan,35.0,SF,60.0,35.9,0.486,0.344,0.518,0.878,0.6,3.4,4.0,4.1,1.0,0.4,1.4,1.9,22.2,SAC,23400000,24570000,25740000,0,0,0,47970000,3
Mikal Bridges,28.0,SF,65.0,37.8,0.495,0.35,0.567,0.763,0.9,2.3,3.2,3.5,0.9,0.6,1.5,1.5,17.5,NYK,23300000,24900000,0,0,0,0,48200000,2
Jaden McDaniels,24.0,PF,67.0,32.5,0.479,0.335,0.542,0.833,1.7,4.3,5.9,2.0,1.4,0.8,1.1,2.9,12.6,MIN,23017242,24858622,26700001,28541380,30382755,0,133500000,5
Bruce Brown,28.0,PG,30.0,20.7,0.395,0.259,0.429,0.848,0.9,2.7,3.7,1.8,0.9,0.1,1.0,1.6,7.2,NOP,23000000,0,0,0,0,0,23000000,1
Brook Lopez,36.0,C,64.0,31.7,0.492,0.371,0.587,0.844,1.3,3.7,5.0,1.8,0.7,1.9,1.0,2.2,12.7,MIL,23000000,0,0,0,0,0,23000000,1
Aaron Gordon,29.0,PF,38.0,26.8,0.516,0.444,0.591,0.793,1.6,3.2,4.8,3.0,0.5,0.2,1.2,1.5,13.1,DEN,22841455,22841455,31978037,34536280,37094523,0,112197227,5
Kentavious Caldwell-Pope,31.0,SG,64.0,30.2,0.426,0.314,0.518,0.866,0.4,1.7,2.1,1.7,1.3,0.5,0.8,1.9,8.6,ORL,22757000,21621500,21621500,0,0,0,44378500,3
Cameron Johnson,28.0,PF,50.0,31.8,0.478,0.402,0.589,0.881,0.9,3.3,4.2,3.0,1.0,0.5,1.6,1.9,18.8,BKN,22500000,20543478,22500000,0,0,0,65543478,3
Malcolm Brogdon,32.0,PG,24.0,23.5,0.433,0.286,0.467,0.88,0.9,2.9,3.8,4.1,0.5,0.2,1.6,1.3,12.7,WAS,22500000,0,0,0,0,0,22500000,1
Clint Capela,30.0,C,55.0,21.4,0.559,0.0,0.559,0.536,3.2,5.4,8.5,1.1,0.6,1.0,0.9,1.9,8.9,ATL,22265280,0,0,0,0,0,22265280,1
Dillon Brooks,29.0,SF,62.0,32.2,0.42,0.393,0.522,0.81,1.1,2.7,3.9,1.7,0.8,0.2,1.0,3.4,13.9,HOU,22255493,21124110,19992727,0,0,0,63372330,3
De'Andre Hunter,27.0,SF,49.0,27.8,0.468,0.413,0.573,0.855,0.7,3.3,4.0,1.5,0.7,0.2,1.4,2.3,17.8,CLE,21696429,23303571,24910714,0,0,0,69910714,3
Lonzo Ball,27.0,PG,35.0,22.2,0.366,0.344,0.504,0.815,0.7,2.7,3.4,3.3,1.3,0.5,1.2,1.6,7.6,CHI,21395348,10000000,10000000,0,0,0,31395348,3
Marcus Smart,30.0,PG,28.0,20.6,0.394,0.341,0.489,0.797,0.6,1.6,2.2,3.5,1.1,0.3,1.7,1.8,9.4,WAS,20210284,21586855,0,0,0,0,41797139,2
Derrick White,30.0,SG,63.0,33.8,0.446,0.391,0.585,0.852,0.9,3.5,4.3,4.4,0.9,1.1,1.6,1.9,16.7,BOS,20071429,28100000,30348000,32596000,34844000,0,111115429,5
Jarrett Allen,26.0,C,65.0,28.6,0.7,0.0,0.7,0.755,2.7,7.6,10.3,1.9,1.0,1.0,1.2,1.5,13.6,CLE,20000000,20000000,28000000,30240000,32480000,0,130720000,5
Nikola Vučević,34.0,C,58.0,31.8,0.534,0.386,0.594,0.811,2.3,7.9,10.2,3.3,0.8,0.6,1.7,2.4,18.8,CHI,20000000,21481481,0,0,0,0,41481481,2
Myles Turner,28.0,C,57.0,30.7,0.475,0.397,0.569,0.772,1.2,5.3,6.5,1.6,0.8,1.9,1.8,2.7,15.5,IND,19928500,0,0,0,0,0,19928500,1
Jakob Poeltl,29.0,C,51.0,29.9,0.614,0.0,0.614,0.681,3.3,6.3,9.6,2.8,1.2,1.2,1.9,3.2,14.1,TOR,19500000,19500000,19500000,0,0,0,39000000,3
Duncan Robinson,30.0,SF,62.0,24.6,0.434,0.388,0.575,0.894,0.2,2.1,2.4,2.6,0.5,0.1,1.2,1.9,11.2,MIA,19406000,19888000,0,0,0,0,29294000,2
Norman Powell,31.0,SG,46.0,33.0,0.494,0.424,0.592,0.821,0.4,3.1,3.5,2.2,1.3,0.2,2.0,1.9,23.8,LAC,19241379,20482758,0,0,0,0,39724137,2
Keldon Johnson,25.0,SF,61.0,23.6,0.487,0.329,0.547,0.761,1.4,3.2,4.5,1.5,0.6,0.2,1.0,1.5,12.5,SAS,19000000,17500000,17500000,0,0,0,54000000,3
D'Angelo Russell,28.0,PG,51.0,25.6,0.401,0.32,0.489,0.848,0.3,2.5,2.8,5.1,1.0,0.4,1.9,2.0,12.8,BKN,18692307,0,0,0,0,0,18692307,1
Collin Sexton,26.0,SG,51.0,28.2,0.473,0.402,0.54,0.881,1.1,1.8,2.9,4.3,0.7,0.1,2.6,2.2,18.2,UTA,18350000,19175000,0,0,0,0,37525000,2
Josh Hart,29.0,SG,62.0,37.9,0.539,0.337,0.594,0.792,2.2,7.6,9.8,5.6,1.4,0.4,2.1,2.6,14.5,NYK,18144000,19472240,20923760,22375280,0,0,58540000,4
Jusuf Nurkić,30.0,C,35.0,21.8,0.455,0.269,0.502,0.681,1.9,6.8,8.7,2.2,0.9,0.7,2.0,2.8,8.1,CHO,18125000,19375000,0,0,0,0,37500000,2
Patrick Williams,23.0,PF,47.0,25.9,0.377,0.349,0.469,0.746,0.7,3.2,4.0,2.0,0.7,0.6,1.3,1.3,9.0,CHI,18000000,18000000,18000000,18000000,18000000,0,72000000,5
Harrison Barnes,32.0,PF,64.0,27.5,0.506,0.432,0.614,0.778,1.4,2.6,3.9,1.7,0.4,0.2,0.6,0.9,11.8,SAS,18000000,19000000,0,0,0,0,37000000,2
Malik Monk,26.0,SG,54.0,32.4,0.437,0.321,0.51,0.861,0.4,3.4,3.8,5.9,1.0,0.6,2.4,2.6,17.5,SAC,17405203,18797619,20190035,21582451,0,0,56392857,4
Bogdan Bogdanović,32.0,SG,38.0,25.7,0.399,0.319,0.497,0.865,0.5,2.5,3.0,2.4,0.8,0.2,1.6,2.4,10.9,LAC,17260000,16020000,16020000,0,0,0,33280000,3
Rui Hachimura,26.0,PF,50.0,32.1,0.506,0.41,0.59,0.765,1.5,3.8,5.2,1.5,0.8,0.5,0.9,1.8,13.3,LAL,17000000,18259259,0,0,0,0,35259259,2
Kevin Huerter,26.0,SG,55.0,22.1,0.4,0.315,0.505,0.721,0.5,2.4,2.9,1.8,0.9,0.3,0.9,1.7,8.7,CHI,16830357,17991071,0,0,0,0,34821428,2
Zach Collins,27.0,PF,48.0,15.1,0.5,0.317,0.558,0.882,1.5,2.8,4.3,1.7,0.5,0.5,0.8,2.1,6.5,CHI,16741200,18080496,0,0,0,0,34821696,2
Caris LeVert,30.0,SG,51.0,25.0,0.474,0.392,0.568,0.713,0.6,2.5,3.1,3.4,0.9,0.5,1.2,1.5,11.9,ATL,16615384,0,0,0,0,0,16615384,1
Luguentz Dort,25.0,SF,61.0,29.2,0.424,0.398,0.561,0.75,1.4,2.8,4.1,1.6,1.1,0.6,0.7,3.0,9.9,OKC,16500000,17722222,17722222,0,0,0,34222222,3
Tim Hardaway Jr.,32.0,SG,63.0,28.2,0.401,0.359,0.522,0.826,0.3,2.2,2.5,1.7,0.5,0.1,0.7,1.3,10.4,DET,16193183,0,0,0,0,0,16193183,1
Klay Thompson,34.0,SF,59.0,27.6,0.417,0.4,0.544,0.903,0.7,2.8,3.5,2.1,0.8,0.5,1.3,1.2,14.5,DAL,15873016,16666667,17460317,0,0,0,50000000,3
Deni Avdija,24.0,SF,61.0,29.0,0.466,0.347,0.537,0.768,1.3,5.4,6.7,3.6,0.9,0.5,2.6,2.4,15.3,POR,15625000,14375000,13125000,11875000,0,0,55000000,4
Grayson Allen,29.0,SG,53.0,24.8,0.45,0.434,0.611,0.811,0.5,2.6,3.1,2.2,0.9,0.4,1.1,1.5,10.7,PHO,15625000,16875000,18125000,19375000,0,0,50625000,4
P.J. Washington,26.0,PF,47.0,32.2,0.432,0.374,0.5,0.74,1.6,6.5,8.1,2.3,1.2,1.1,1.9,2.4,14.0,DAL,15500000,14152174,0,0,0,0,29652174,2
Max Strus,28.0,SF,36.0,25.1,0.415,0.376,0.567,0.9,1.0,3.4,4.3,3.1,0.6,0.3,1.0,2.1,9.0,CLE,15212068,15936452,16660836,0,0,0,47809356,3
Isaiah Stewart,23.0,C,61.0,19.8,0.54,0.279,0.563,0.756,1.9,3.7,5.6,1.7,0.3,1.4,1.0,2.5,5.8,DET,15000000,15000000,15000000,15000000,0,0,45000000,4
Dorian Finney-Smith,31.0,PF,48.0,28.2,0.438,0.388,0.573,0.667,1.4,2.6,4.0,1.3,0.9,0.3,0.9,2.3,8.2,LAL,14924167,15378480,0,0,0,0,14924167,2
Mitchell Robinson,26.0,C,6.0,14.8,0.688,0.0,0.688,0.8,2.3,1.8,4.2,0.5,1.2,0.5,0.8,2.0,4.3,NYK,14318182,12954546,0,0,0,0,27272728,2
Jordan Clarkson,32.0,SG,33.0,26.5,0.405,0.366,0.491,0.805,0.7,2.5,3.2,3.8,0.9,0.2,2.2,1.5,16.5,UTA,14092577,14285714,0,0,0,0,28378291,2
Onyeka Okongwu,24.0,C,59.0,26.5,0.571,0.299,0.599,0.732,3.1,5.4,8.4,2.2,0.8,0.9,1.1,2.5,12.6,ATL,14000000,15000000,16120000,16880000,0,0,62000000,4
Naz Reid,25.0,C,66.0,28.0,0.465,0.392,0.563,0.792,1.1,5.0,6.1,2.2,0.7,1.0,1.3,2.5,14.8,MIN,13986432,15022464,0,0,0,0,13986432,2
Cade Cunningham,23.0,PG,62.0,35.3,0.462,0.352,0.514,0.862,0.8,5.3,6.0,9.3,1.0,0.8,4.5,2.8,25.9,DET,13940809,38661750,41754690,44847630,47940570,51033510,238178959,6
Daniel Gafford,26.0,C,51.0,21.9,0.699,0.0,0.699,0.699,2.7,4.1,6.9,1.4,0.4,1.9,1.2,2.7,12.3,DAL,13394160,14386320,0,0,0,0,27780480,2
Grant Williams,26.0,PF,16.0,29.9,0.439,0.365,0.549,0.838,1.1,4.0,5.1,2.3,1.1,0.8,1.8,2.9,10.4,CHO,13025250,13645500,14265750,0,0,0,40936500,3
Dennis Schröder,31.0,PG,61.0,27.7,0.416,0.351,0.497,0.838,0.3,2.3,2.6,5.2,1.0,0.2,2.0,2.5,13.4,DET,13025250,0,0,0,0,0,13025250,1
Isaiah Joe,25.0,SG,59.0,20.6,0.427,0.396,0.583,0.775,0.5,2.0,2.5,1.5,0.7,0.2,0.5,1.7,9.4,OKC,12991650,12362338,11323006,11323006,0,0,36676994,4
Herbert Jones,26.0,SF,20.0,32.4,0.436,0.306,0.5,0.825,1.1,2.8,3.9,3.3,1.9,0.5,1.8,3.3,10.3,NOP,12976362,13937574,14898786,0,0,0,41812722,3
Austin Reaves,26.0,SG,57.0,34.4,0.44,0.363,0.533,0.87,0.9,3.5,4.4,5.8,1.1,0.3,2.4,2.0,18.9,LAL,12976362,13937574,14898786,0,0,0,26913936,3
Obi Toppin,26.0,PF,61.0,19.0,0.532,0.338,0.614,0.805,0.7,3.2,3.9,1.5,0.6,0.3,0.8,1.4,9.9,IND,12975000,14000000,15000000,16025000,0,0,58000000,4
Cole Anthony,24.0,PG,60.0,18.8,0.424,0.349,0.491,0.817,0.7,2.4,3.1,2.9,0.7,0.5,1.6,2.4,9.7,ORL,12900000,13100000,13100000,0,0,0,26000000,3
De'Anthony Melton,26.0,SG,6.0,20.2,0.407,0.371,0.528,0.625,1.0,2.3,3.3,2.8,1.2,0.3,1.7,3.0,10.3,BKN,12822000,0,0,0,0,0,12822000,1
Kelly Olynyk,33.0,C,33.0,18.5,0.487,0.413,0.556,0.775,1.3,3.4,4.7,2.6,0.6,0.4,1.5,2.6,8.0,NOP,12804878,13445122,0,0,0,0,26250000,2
Victor Wembanyama,21.0,C,46.0,33.2,0.476,0.352,0.559,0.836,1.8,9.2,11.0,3.7,1.1,3.8,3.2,2.3,24.3,SAS,12768960,13376880,16868246,0,0,0,26145840,3
Josh Green,24.0,SG,59.0,28.6,0.419,0.384,0.532,0.661,0.9,1.8,2.7,1.6,1.1,0.2,1.0,2.5,7.2,CHO,12654321,13666667,14679012,0,0,0,41000000,3
Richaun Holmes,31.0,PF,26.0,18.1,0.664,0.0,0.664,0.827,2.0,3.9,5.9,1.5,0.3,0.8,0.8,1.6,7.7,WAS,12648321,13280737,0,0,0,0,12648321,2
Steven Adams,31.0,C,47.0,12.7,0.523,0.0,0.523,0.446,2.7,2.6,5.3,1.2,0.3,0.4,0.9,1.0,3.6,HOU,12600000,0,0,0,0,0,12600000,1
Bobby Portis,29.0,PF,46.0,25.2,0.463,0.364,0.517,0.821,1.8,6.5,8.3,2.2,0.7,0.5,1.2,1.9,13.7,MIL,12578286,13445754,0,0,0,0,12578286,2
Zaccharie Risacher,19.0,SF,59.0,24.4,0.438,0.346,0.513,0.709,1.2,2.4,3.6,1.2,0.8,0.5,1.2,1.9,11.6,ATL,12569040,13197720,13826040,17434637,0,0,25766760,4
Brandon Clarke,28.0,PF,60.0,19.1,0.613,0.059,0.615,0.696,2.0,3.2,5.2,1.0,0.8,0.6,0.6,2.4,8.2,MEM,12500000,12500000,12500000,0,0,0,37500000,3
Marvin Bagley III,25.0,PF,22.0,9.3,0.525,0.214,0.544,0.667,1.4,1.5,2.9,0.3,0.3,0.3,0.5,0.6,4.8,MEM,12500000,0,0,0,0,0,12500000,1
Jalen Green,22.0,SG,66.0,33.2,0.425,0.356,0.508,0.832,0.5,3.9,4.5,3.3,0.9,0.3,2.6,1.6,21.1,HOU,12483048,33333333,36000000,36000000,0,0,81816381,4
Robert Williams,27.0,C,20.0,17.6,0.641,0.333,0.647,0.882,1.8,4.2,5.9,1.1,0.7,1.7,0.9,1.6,5.8,POR,12428571,13285713,0,0,0,0,25714284,2
Paolo Banchero,22.0,PF,33.0,33.9,0.447,0.325,0.497,0.705,1.1,6.0,7.0,4.7,0.8,0.7,2.9,2.2,24.6,ORL,12160800,15334769,0,0,0,0,27495569,2
Coby White,24.0,SG,59.0,33.0,0.438,0.363,0.538,0.902,0.3,3.2,3.5,4.5,1.0,0.2,2.3,2.2,19.3,CHI,12000000,12888889,0,0,0,0,24888889,2
Wendell Carter Jr.,25.0,C,54.0,25.7,0.455,0.21,0.488,0.738,2.1,5.3,7.4,2.2,0.8,0.5,1.1,2.9,8.9,ORL,11950000,10850000,18102000,19550160,20998320,0,60452160,5
Ivica Zubac,27.0,C,64.0,32.7,0.622,0.0,0.622,0.635,3.7,8.8,12.5,2.5,0.8,1.2,1.6,2.2,16.2,LAC,11743210,18102000,19550160,20998320,0,0,70393690,4
Donte DiVincenzo,28.0,SG,48.0,26.5,0.413,0.394,0.562,0.786,0.5,3.3,3.8,3.7,1.2,0.2,1.6,1.7,11.6,MIN,11445000,11990000,12535000,0,0,0,35970000,3
Brandon Miller,22.0,SF,27.0,34.2,0.403,0.355,0.509,0.861,0.9,3.9,4.9,3.6,1.1,0.7,2.8,2.7,21.0,CHO,11424600,11968800,15104626,0,0,0,23393400,3
Terance Mann,28.0,SG,51.0,20.6,0.481,0.379,0.557,0.642,1.0,1.9,2.9,1.8,0.7,0.3,0.7,1.9,7.0,ATL,11423077,15500000,15500000,16000000,0,0,58423077,4
Alex Sarr,19.0,C,50.0,26.9,0.391,0.314,0.456,0.629,1.8,4.9,6.7,2.3,0.6,1.6,1.5,2.3,11.9,WAS,11245680,11808240,12370680,15611798,0,0,23053920,4
Evan Mobley,23.0,PF,58.0,30.2,0.568,0.365,0.61,0.744,2.3,7.0,9.3,3.1,0.8,1.6,2.0,2.0,18.6,CLE,11227657,38661750,41754690,44847630,47940570,51033510,235465807,6
Larry Nance Jr.,32.0,PF,24.0,19.3,0.516,0.447,0.626,0.692,1.0,3.3,4.3,1.6,0.8,0.5,0.7,1.5,8.5,ATL,11205000,0,0,0,0,0,11205000,1
Aaron Nesmith,25.0,SF,29.0,24.1,0.484,0.383,0.583,0.911,0.7,3.0,3.7,1.4,0.7,0.4,0.8,2.5,10.4,IND,11000000,11000000,11000000,0,0,0,33000000,3
Gabe Vincent,28.0,PG,56.0,21.0,0.394,0.333,0.511,0.688,0.2,0.9,1.2,1.5,0.7,0.2,0.6,2.1,5.9,LAL,11000000,11500000,0,0,0,0,22500000,2
Maxi Kleber,33.0,PF,34.0,18.7,0.385,0.265,0.453,0.762,0.7,2.1,2.8,1.3,0.3,0.5,0.7,1.9,3.0,LAL,11000000,11000000,0,0,0,0,22000000,2
Moritz Wagner,27.0,C,30.0,18.8,0.562,0.36,0.616,0.718,1.3,3.6,4.9,1.4,0.8,0.4,1.6,1.8,12.9,ORL,11000000,11000000,0,0,0,0,11000000,2
Chet Holmgren,22.0,C,21.0,26.8,0.493,0.351,0.553,0.742,1.8,6.8,8.6,1.9,0.8,2.7,1.8,2.1,15.0,OKC,10880640,13731368,0,0,0,0,24612008,2
Chris Boucher,32.0,PF,50.0,17.2,0.492,0.363,0.586,0.782,1.4,3.1,4.5,0.7,0.5,0.5,0.6,1.4,10.0,TOR,10810000,0,0,0,0,0,10810000,1
Jarred Vanderbilt,25.0,PF,20.0,17.0,0.507,0.333,0.567,0.474,1.8,3.7,5.5,1.2,1.0,0.3,0.7,1.8,4.3,LAL,10714286,11571429,12428571,13285714,0,0,34714286,4
Aaron Wiggins,26.0,SG,66.0,22.5,0.492,0.389,0.582,0.828,1.1,2.7,3.8,1.6,0.8,0.3,0.9,1.3,11.4,OKC,10514017,9672897,8831776,7990655,7990655,0,45000000,5
Chris Paul,39.0,PG,64.0,28.5,0.419,0.375,0.542,0.939,0.4,3.2,3.6,7.9,1.3,0.2,1.5,1.8,8.9,SAS,10460000,0,0,0,0,0,10460000,1
Scoot Henderson,20.0,PG,59.0,26.8,0.432,0.369,0.51,0.772,0.7,2.3,3.0,5.1,1.1,0.2,2.6,2.8,13.0,POR,10259160,10748040,13585523,0,0,0,21007200,3
Isaac Okoro,24.0,SG,39.0,19.3,0.437,0.374,0.546,0.677,0.9,1.4,2.3,1.4,0.6,0.4,0.4,2.0,5.7,CLE,10185186,11000000,11814814,0,0,0,33000000,3
Scottie Barnes,23.0,PF,51.0,34.1,0.442,0.263,0.479,0.778,1.7,6.2,7.9,6.0,1.5,1.1,2.9,1.9,19.6,TOR,10130980,38661750,41754690,44847630,47940570,51033510,234369130,6
Reed Sheppard,20.0,PG,45.0,11.9,0.332,0.279,0.411,0.813,0.4,1.0,1.4,1.2,0.6,0.3,0.6,0.9,3.9,HOU,10098960,10603560,11108880,14041625,0,0,20702520,4
Mike Conley,37.0,PG,57.0,24.8,0.392,0.405,0.527,0.92,0.5,2.1,2.6,4.5,1.2,0.2,1.1,1.6,8.3,MIN,9975962,10774038,0,0,0,0,20750000,2
Jonas Valančiūnas,32.0,C,64.0,20.1,0.545,0.25,0.552,0.865,2.5,5.8,8.3,2.2,0.5,0.6,1.6,2.2,11.1,SAC,9900000,10395000,10000000,0,0,0,20295000,3
Alex Caruso,30.0,SG,42.0,19.0,0.439,0.353,0.54,0.826,0.7,2.0,2.7,2.5,1.6,0.5,0.7,1.8,6.5,OKC,9890000,18102000,19550160,20998320,22446480,0,90986960,5
Jabari Smith Jr.,21.0,PF,44.0,30.8,0.42,0.344,0.507,0.816,1.9,4.7,6.6,1.0,0.3,0.8,1.0,2.3,11.8,HOU,9770880,12350392,0,0,0,0,22121272,2
Derrick Jones Jr.,27.0,SF,61.0,24.8,0.526,0.368,0.591,0.703,1.3,2.2,3.5,0.8,1.1,0.4,0.9,2.0,10.4,LAC,9523810,10000000,10476190,0,0,0,30000000,3
Al Horford,38.0,C,51.0,27.4,0.419,0.364,0.544,0.893,1.2,4.6,5.8,2.0,0.6,0.9,0.7,1.4,8.5,BOS,9500000,0,0,0,0,0,9500000,1
Pat Connaughton,32.0,SG,31.0,14.8,0.431,0.323,0.517,0.765,0.5,2.1,2.6,1.6,0.2,0.3,0.6,1.1,4.3,MIL,9423869,9423869,0,0,0,0,9423869,2
Royce O'Neale,31.0,SF,60.0,25.4,0.431,0.415,0.588,0.731,0.8,4.0,4.8,2.2,1.0,0.5,0.9,2.0,9.4,PHO,9375000,10125000,10875000,11625000,0,0,42000000,4
T.J. McConnell,32.0,PG,61.0,17.9,0.523,0.31,0.536,0.746,0.5,1.9,2.4,4.5,1.2,0.3,1.4,1.0,9.5,IND,9300000,10200000,11000000,11800000,11800000,0,42300000,5
Luke Kennard,28.0,SG,51.0,22.5,0.489,0.464,0.632,0.885,0.6,2.2,2.8,3.4,0.7,0.1,1.1,0.9,9.7,MEM,9250000,0,0,0,0,0,9250000,1
Amen Thompson,22.0,SF,60.0,32.5,0.553,0.256,0.569,0.693,2.8,5.6,8.3,3.6,1.3,1.3,2.1,2.3,14.0,HOU,9249960,9690600,12258609,0,0,0,18940560,3
Jalen Suggs,23.0,PG,35.0,28.6,0.41,0.314,0.489,0.882,0.7,3.4,4.0,3.7,1.5,0.9,2.9,2.8,16.2,ORL,9188385,35000000,32400000,29600000,26800000,26700000,132988385,6
Caleb Martin,29.0,SF,35.0,29.0,0.431,0.359,0.498,0.62,1.3,2.9,4.2,2.2,1.1,0.6,1.3,1.9,8.5,DAL,9186594,9594044,10001493,9371351,0,0,28782131,4
Gary Payton II,32.0,SG,53.0,14.3,0.573,0.308,0.622,0.73,0.9,2.1,2.9,1.3,0.7,0.3,0.6,1.7,6.3,GSW,9130000,0,0,0,0,0,9130000,1
Stephon Castle,20.0,PG,63.0,25.5,0.425,0.283,0.474,0.713,1.0,2.2,3.2,3.5,0.9,0.2,1.9,2.0,13.4,SAS,9105120,9560520,10015920,12670139,0,0,18665640,4
Tre Jones,25.0,PG,42.0,18.4,0.51,0.357,0.548,0.817,0.7,1.7,2.4,3.8,0.8,0.2,0.7,1.1,6.3,CHI,9104167,0,0,0,0,0,9104167,1
Goga Bitadze,25.0,C,56.0,21.9,0.624,0.13,0.629,0.633,2.5,4.6,7.1,2.0,0.7,1.6,1.2,2.2,7.8,ORL,9057971,8333333,7608696,0,0,0,25000000,3
Zeke Nnaji,24.0,PF,45.0,10.0,0.529,0.324,0.587,0.586,0.5,1.0,1.6,0.3,0.3,0.6,0.2,1.1,3.1,DEN,8888889,8177778,7466667,7466667,0,0,24533334,4
Keegan Murray,24.0,PF,62.0,34.6,0.44,0.334,0.529,0.831,2.0,4.7,6.7,1.4,0.8,0.9,0.8,2.5,12.2,SAC,8809560,11144093,0,0,0,0,19953653,2
Buddy Hield,32.0,SG,66.0,23.2,0.418,0.371,0.546,0.784,0.6,2.7,3.3,1.8,0.9,0.3,1.2,1.7,11.6,GSW,8780488,9219512,9658536,10097560,0,0,27658536,4
Kyle Anderson,31.0,PF,48.0,14.6,0.443,0.368,0.493,0.689,0.9,2.3,3.1,2.2,0.6,0.5,0.5,1.2,5.0,MIA,8780488,9219512,9658536,0,0,0,18000000,3
Naji Marshall,27.0,SF,54.0,26.2,0.497,0.279,0.545,0.848,1.1,3.5,4.6,2.8,1.1,0.1,1.6,1.5,12.4,DAL,8571429,9000000,9428571,0,0,0,27000000,3
Jalen Smith,24.0,C,56.0,15.3,0.466,0.34,0.562,0.823,1.4,4.2,5.6,1.0,0.3,0.7,0.6,1.6,8.3,CHI,8571429,9000000,9428571,0,0,0,27000000,3
Georges Niang,31.0,PF,64.0,21.9,0.468,0.402,0.598,0.792,0.7,3.2,3.9,1.5,0.4,0.2,0.9,2.6,9.8,ATL,8500000,8200000,0,0,0,0,16700000,2
Ausar Thompson,22.0,SF,45.0,21.6,0.55,0.229,0.562,0.596,1.8,3.1,5.0,2.2,1.8,0.5,1.4,2.8,9.5,DET,8376000,8775000,11117925,0,0,0,17151000,3
Josh Giddey,22.0,PG,60.0,29.7,0.462,0.376,0.53,0.789,1.7,6.0,7.7,6.7,1.1,0.6,2.8,1.7,13.8,CHI,8352367,0,0,0,0,0,8352367,1
Josh Okogie,26.0,SG,32.0,15.6,0.473,0.385,0.548,0.725,1.3,1.7,3.0,0.8,1.3,0.5,0.8,1.2,6.9,CHO,8250000,7750000,0,0,0,0,8250000,2
Ron Holland,19.0,SF,67.0,15.5,0.45,0.221,0.493,0.793,0.5,2.1,2.6,0.9,0.6,0.1,0.8,1.7,6.1,DET,8245320,8657280,9069600,11491183,0,0,16902600,4
Cody Martin,29.0,SF,39.0,24.8,0.433,0.323,0.507,0.694,1.0,3.5,4.5,2.3,1.1,0.7,1.1,1.8,7.8,PHO,8120000,8680000,0,0,0,0,8120000,2
Jock Landale,29.0,C,34.0,10.4,0.459,0.375,0.486,0.686,1.2,1.8,3.0,0.8,0.2,0.3,0.4,1.0,3.8,HOU,8000000,8000000,8000000,0,0,0,16000000,3
Trey Lyles,29.0,PF,54.0,18.2,0.408,0.344,0.52,0.685,1.1,3.4,4.4,1.1,0.6,0.4,0.6,1.2,6.1,SAC,8000000,0,0,0,0,0,8000000,1
Jeff Green,38.0,PF,24.0,12.2,0.505,0.345,0.613,0.833,0.3,1.4,1.7,0.4,0.2,0.2,0.3,1.0,5.4,HOU,8000000,0,0,0,0,0,8000000,1
Kevon Looney,28.0,C,60.0,15.7,0.508,0.0,0.508,0.573,2.7,3.9,6.6,1.7,0.7,0.5,0.6,2.2,4.9,GSW,8000000,0,0,0,0,0,8000000,1
Kelly Oubre Jr.,29.0,SF,60.0,34.6,0.47,0.293,0.518,0.751,1.6,4.5,6.1,1.8,1.5,0.5,1.3,3.0,15.1,PHI,7983000,8382150,0,0,0,0,7983000,2
Jaden Ivey,22.0,SG,30.0,29.9,0.46,0.409,0.536,0.733,1.3,2.8,4.1,4.0,0.9,0.4,3.0,2.2,17.6,DET,7977240,10107163,0,0,0,0,18084403,2
KJ Martin,24.0,PF,36.0,21.2,0.583,0.326,0.626,0.767,0.8,2.3,3.1,0.9,0.4,0.6,0.6,2.4,6.6,UTA,7975000,8025000,0,0,0,0,7975000,2
Vasilije Micić,31.0,PG,37.0,20.7,0.348,0.36,0.43,0.829,0.5,1.8,2.4,3.4,0.4,0.0,2.0,1.2,7.3,PHO,7723000,8109150,0,0,0,0,7723000,2
Simone Fontecchio,29.0,SF,60.0,17.0,0.391,0.324,0.49,0.818,0.7,2.3,3.0,0.9,0.4,0.2,0.8,1.3,6.1,DET,7692308,8307692,0,0,0,0,16000000,2
Jonathan Kuminga,22.0,PF,33.0,25.8,0.464,0.342,0.51,0.64,1.3,3.6,4.9,2.2,0.9,0.5,1.5,1.9,16.8,GSW,7636307,0,0,0,0,0,7636307,1
Anthony Black,21.0,PG,63.0,23.8,0.413,0.306,0.461,0.746,0.6,2.1,2.7,3.1,1.0,0.5,1.7,2.1,8.9,ORL,7607760,7970280,10106316,0,0,0,15578040,3
Jae'Sean Tate,29.0,SF,44.0,11.0,0.452,0.294,0.492,0.674,0.9,1.2,2.1,0.8,0.5,0.1,0.4,1.6,3.4,HOU,7565217,0,0,0,0,0,7565217,1
Gary Harris,30.0,SG,33.0,15.2,0.361,0.32,0.485,0.6,0.5,0.8,1.2,0.5,0.6,0.2,0.4,0.9,3.0,ORL,7500000,7500000,0,0,0,0,7500000,2
Tidjane Salaün,19.0,PF,48.0,19.1,0.319,0.289,0.406,0.719,1.2,3.0,4.2,1.1,0.5,0.3,0.9,1.2,5.3,CHO,7488720,7863240,8237880,10445633,0,0,15351960,4
Bennedict Mathurin,22.0,SF,58.0,30.7,0.47,0.357,0.53,0.829,1.2,4.2,5.4,1.9,0.6,0.4,1.9,2.3,16.2,IND,7245720,9187573,0,0,0,0,16433293,2
Max Christie,21.0,SG,63.0,27.0,0.434,0.374,0.537,0.853,0.5,2.5,3.0,2.0,0.8,0.4,1.0,1.6,9.5,DAL,7142857,7714286,8285714,8857143,0,0,23142857,4
Franz Wagner,23.0,SF,47.0,33.7,0.468,0.304,0.513,0.854,1.0,4.6,5.6,4.7,1.4,0.4,2.2,2.6,24.6,ORL,7007092,38661750,41754690,44847630,47940570,51033510,231245242,6
Ayo Dosunmu,25.0,SG,46.0,30.3,0.492,0.328,0.561,0.785,0.6,2.9,3.5,4.5,0.9,0.4,1.5,2.3,12.3,CHI,7000000,7518518,0,0,0,0,14518518,2
Bilal Coulibaly,20.0,SF,59.0,33.0,0.421,0.281,0.472,0.746,1.5,3.4,5.0,3.4,1.3,0.7,2.1,2.4,12.3,WAS,6945240,7275600,9240012,0,0,0,14220840,3
Donovan Clingan,20.0,C,53.0,17.8,0.55,0.267,0.567,0.616,2.8,4.3,7.2,1.0,0.5,1.6,1.2,2.8,6.0,POR,6836400,7178400,7519920,9550298,0,0,14014800,4
Payton Pritchard,27.0,PG,65.0,28.0,0.471,0.417,0.626,0.857,1.3,2.4,3.7,3.4,0.8,0.2,0.9,1.5,14.1,BOS,6696429,7232143,7767857,8303571,0,0,30000000,4
Kenrich Williams,30.0,PF,53.0,14.7,0.483,0.385,0.581,0.808,0.9,2.3,3.2,1.2,0.6,0.1,0.5,1.5,5.7,OKC,6669000,7163000,7163000,0,0,0,13832000,3
Shaedon Sharpe,21.0,SG,59.0,30.5,0.449,0.318,0.517,0.8,0.9,3.2,4.1,2.6,0.7,0.2,2.0,1.7,17.5,POR,6614160,8399983,0,0,0,0,15014143,2
Jevon Carter,29.0,PG,30.0,7.6,0.402,0.357,0.531,0.8,0.1,0.9,0.9,1.0,0.3,0.1,0.3,0.4,3.7,CHI,6500000,6809524,0,0,0,0,6500000,2
Davion Mitchell,26.0,PG,58.0,26.1,0.456,0.386,0.546,0.654,0.4,1.6,2.0,4.6,0.8,0.2,1.7,2.5,6.9,MIA,6451077,0,0,0,0,0,6451077,1
Jarace Walker,21.0,PF,59.0,15.3,0.456,0.364,0.546,0.639,0.4,2.5,2.9,1.4,0.8,0.4,1.0,1.5,5.5,IND,6362520,6665520,8478542,0,0,0,13028040,3
Rob Dillingham,20.0,PG,41.0,11.9,0.445,0.357,0.508,0.533,0.3,0.9,1.2,2.3,0.4,0.0,1.2,0.9,5.1,MIN,6262920,6576120,6889320,8763216,0,0,12839040,4
Dean Wade,28.0,PF,45.0,21.6,0.407,0.347,0.549,0.52,0.9,3.7,4.6,1.4,0.8,0.4,0.4,1.9,5.5,CLE,6166667,6623456,0,0,0,0,6166667,2
John Konchar,28.0,SG,34.0,12.5,0.417,0.32,0.528,0.833,0.9,2.5,3.3,0.9,0.5,0.4,0.4,0.8,2.4,MEM,6165000,6165000,6165000,0,0,0,18495000,3
Ziaire Williams,23.0,SF,52.0,24.4,0.408,0.331,0.5,0.829,1.1,3.7,4.8,1.4,1.0,0.4,1.0,2.5,9.9,BKN,6133005,0,0,0,0,0,6133005,1
Dyson Daniels,21.0,SG,61.0,34.0,0.483,0.349,0.527,0.598,1.6,4.0,5.6,4.1,3.0,0.7,1.9,2.5,14.1,ATL,6059520,7707709,0,0,0,0,13767229,2
Precious Achiuwa,25.0,C,42.0,21.6,0.519,0.3,0.539,0.627,2.0,3.9,5.9,1.0,0.8,0.8,0.7,1.5,6.7,NYK,6000000,0,0,0,0,0,6000000,1
Malik Beasley,28.0,SG,67.0,27.4,0.44,0.421,0.591,0.649,0.6,2.2,2.7,1.7,1.0,0.1,1.0,1.6,16.3,DET,6000000,0,0,0,0,0,6000000,1
Chris Duarte,27.0,SG,17.0,4.4,0.462,0.4,0.577,0.75,0.3,0.9,1.2,0.5,0.0,0.0,0.1,0.4,2.1,CHI,5893768,0,0,0,0,0,5893768,1
Taylor Hendricks,21.0,PF,3.0,25.0,0.222,0.25,0.306,0.75,1.7,3.3,5.0,0.7,1.7,1.3,0.7,2.7,4.7,UTA,5848680,6127080,7805900,0,0,0,11975760,3
Moses Moody,22.0,SG,58.0,21.2,0.447,0.39,0.564,0.782,0.7,1.8,2.5,1.2,0.6,0.4,0.7,1.5,9.9,GSW,5803269,11574075,12500000,13425925,0,0,43303269,4
Zach Edey,22.0,C,51.0,20.9,0.577,0.364,0.601,0.692,3.5,4.4,7.8,0.9,0.6,1.2,1.3,2.6,9.2,MEM,5756880,6045000,6332760,8067937,0,0,11801880,4
Corey Kispert,25.0,SF,60.0,26.5,0.452,0.366,0.559,0.852,0.6,2.4,3.0,1.7,0.4,0.2,1.1,1.6,11.7,WAS,5705887,13975000,13975000,13050000,13050000,0,46705887,5
Jeremy Sochan,21.0,PF,44.0,25.2,0.548,0.338,0.579,0.68,2.4,4.5,6.8,2.5,0.8,0.5,1.6,2.4,11.3,SAS,5570040,7096231,0,0,0,0,12666271,2
Cason Wallace,21.0,SG,57.0,27.4,0.46,0.343,0.536,0.833,1.0,2.4,3.4,2.5,1.7,0.5,0.8,2.2,7.9,OKC,5555880,5820240,7420806,0,0,0,11376120,3
Cody Williams,20.0,SG,41.0,20.5,0.345,0.296,0.419,0.763,0.6,1.8,2.4,1.2,0.5,0.3,0.9,1.8,4.7,UTA,5469120,5742480,6015600,7669890,0,0,11211600,4
Alperen Şengün,22.0,C,62.0,31.5,0.502,0.247,0.513,0.693,3.3,7.0,10.3,4.9,1.1,0.8,2.6,2.9,19.2,HOU,5424654,33944954,35642202,37339450,39036697,39036697,151387957,6
Johnny Davis,22.0,SG,34.0,7.1,0.41,0.241,0.455,0.6,0.3,0.8,1.1,0.3,0.4,0.2,0.2,0.5,2.4,MEM,5291160,0,0,0,0,0,5291160,1
Jett Howard,21.0,SF,54.0,11.4,0.355,0.297,0.463,0.75,0.4,0.8,1.2,0.8,0.2,0.2,0.5,1.1,4.2,ORL,5278320,5529720,7337939,0,0,0,10808040,3
Haywood Highsmith,28.0,SF,58.0,24.3,0.473,0.394,0.589,0.75,0.8,2.3,3.2,1.4,0.9,0.6,0.7,2.2,6.5,MIA,5200000,5616000,0,0,0,0,10816000,2
Matas Buzelis,20.0,SF,64.0,16.9,0.433,0.321,0.509,0.845,0.7,2.4,3.1,0.8,0.3,0.8,0.8,1.7,7.2,CHI,5195520,5455560,5715360,7584283,0,0,10651080,4
Kris Dunn,30.0,PG,59.0,24.1,0.433,0.305,0.509,0.563,0.8,2.7,3.5,3.1,1.8,0.4,1.1,2.6,6.2,LAC,5168000,5426400,5684800,0,0,0,10594400,3
Dario Šarić,30.0,C,15.0,13.5,0.339,0.269,0.402,0.7,0.9,2.3,3.3,1.5,0.5,0.1,0.9,1.2,3.5,DEN,5168000,5426400,0,0,0,0,5168000,2
Trey Murphy III,24.0,SF,51.0,35.6,0.454,0.361,0.548,0.886,0.9,4.2,5.1,3.6,1.1,0.7,2.0,2.1,21.6,NOP,5159854,25000000,27000000,29000000,31000000,0,117159854,5
Ousmane Dieng,21.0,C,36.0,11.2,0.435,0.324,0.528,0.688,0.5,1.8,2.3,0.9,0.5,0.2,0.5,0.9,3.9,OKC,5027040,6670882,0,0,0,0,11697922,2
Dereck Lively II,20.0,C,32.0,24.0,0.701,0.0,0.701,0.638,3.1,4.8,7.8,2.6,0.5,1.7,1.2,2.9,9.1,DAL,5014560,5253360,7239131,0,0,0,10267920,3
Nick Richards,27.0,C,46.0,22.1,0.598,0.0,0.598,0.729,2.5,6.1,8.6,1.0,0.2,1.0,1.4,2.5,9.5,PHO,5000000,5000000,0,0,0,0,5000000,2
Andre Drummond,31.0,C,40.0,18.8,0.5,0.15,0.506,0.622,2.7,5.0,7.8,0.9,1.0,0.5,1.4,2.4,7.3,PHI,5000000,5000000,0,0,0,0,5000000,2
Drew Eubanks,27.0,C,48.0,14.0,0.592,0.5,0.601,0.651,1.1,3.0,4.1,1.0,0.2,0.7,0.7,1.1,5.2,LAC,5000000,4750000,0,0,0,0,5000000,2
Tre Mann,23.0,PG,13.0,24.5,0.435,0.4,0.509,0.905,0.9,2.0,2.9,3.0,0.5,0.3,1.9,1.8,14.1,CHO,4908373,0,0,0,0,0,4908373,1
Jalen Williams,23.0,SG,61.0,32.6,0.478,0.362,0.532,0.791,0.9,4.6,5.5,5.3,1.7,0.7,2.2,2.4,21.3,OKC,4775760,6580997,0,0,0,0,11356757,2
Gradey Dick,21.0,SG,54.0,29.4,0.41,0.35,0.498,0.858,0.8,2.8,3.6,1.8,0.9,0.2,1.5,2.2,14.4,TOR,4763760,4990560,7131511,0,0,0,9754320,3
Jalen McDaniels,27.0,SF,4.0,1.8,0.0,0.0,0.0,0.0,0.0,0.0,0.0,0.3,0.3,0.0,0.0,0.0,0.0,SAS,4741800,0,0,0,0,0,4741800,1
Miles McBride,24.0,PG,55.0,24.3,0.411,0.371,0.518,0.817,0.7,1.7,2.5,2.7,1.0,0.3,0.7,1.5,9.2,NYK,4710144,4333333,3956523,0,0,0,13000000,3
Devin Carter,22.0,PG,22.0,9.7,0.385,0.308,0.462,0.667,0.5,1.8,2.3,1.2,0.3,0.1,0.5,0.9,4.2,SAC,4689000,4923720,5158080,7370897,0,0,9612720,4
Nicolas Batum,36.0,PF,64.0,18.0,0.406,0.401,0.576,0.833,0.6,2.1,2.8,1.1,0.7,0.5,0.4,1.4,3.8,LAC,4668000,4901400,0,0,0,0,4668000,2
Aaron Holiday,28.0,PG,49.0,12.7,0.424,0.376,0.546,0.833,0.2,1.1,1.3,1.3,0.3,0.1,0.6,1.1,5.2,HOU,4668000,4901400,0,0,0,0,4668000,2
Jalen Duren,21.0,C,64.0,25.9,0.699,0.0,0.699,0.689,3.5,6.9,10.4,2.5,0.8,1.2,1.8,3.2,11.5,DET,4536840,6483144,0,0,0,0,11019984,2
Jordan Hawkins,22.0,SG,49.0,23.3,0.379,0.338,0.477,0.831,0.5,2.2,2.7,1.1,0.6,0.4,1.0,0.8,10.9,NOP,4525680,4741320,7021895,0,0,0,9267000,3
Jalen Johnson,23.0,SF,36.0,35.7,0.5,0.312,0.541,0.746,1.7,8.3,10.0,5.0,1.6,1.0,2.9,1.9,18.9,ATL,4510905,30000000,30000000,30000000,30000000,30000000,154510905,6
Bub Carrington,19.0,PG,65.0,29.3,0.403,0.344,0.499,0.841,0.4,3.5,4.0,4.0,0.7,0.2,1.6,2.4,9.3,WAS,4454880,4677600,4900560,7257730,0,0,9132480,4
Isaiah Jackson,23.0,C,5.0,16.8,0.609,0.0,0.609,0.5,2.2,3.4,5.6,1.0,0.6,1.6,1.0,2.8,7.0,IND,4435381,0,0,0,0,0,4435381,1
Nickeil Alexander-Walker,26.0,SG,67.0,25.3,0.442,0.399,0.563,0.759,0.6,2.5,3.1,2.5,0.6,0.4,1.2,1.7,9.3,MIN,4312500,0,0,0,0,0,4312500,1
Ochai Agbaji,24.0,SG,54.0,27.0,0.505,0.399,0.6,0.667,0.9,2.8,3.7,1.5,0.8,0.5,0.8,1.9,10.0,TOR,4310280,6383525,0,0,0,0,10693805,2
Kobe Bufkin,21.0,SG,10.0,12.4,0.383,0.211,0.426,0.722,0.5,1.6,2.1,1.7,0.3,0.2,0.8,0.9,5.3,ATL,4299000,4503720,6904203,0,0,0,8802720,3
Quentin Grimes,24.0,SG,62.0,25.2,0.478,0.391,0.579,0.76,0.8,3.4,4.1,2.5,0.9,0.3,1.5,1.8,12.4,PHI,4296682,0,0,0,0,0,4296682,1
Kel'el Ware,20.0,C,47.0,20.5,0.537,0.325,0.58,0.729,1.6,4.9,6.5,0.9,0.6,1.1,0.9,1.6,8.4,MIA,4231800,4443360,4654920,7135992,0,0,8675160,4
Bones Hyland,24.0,PG,20.0,11.1,0.391,0.388,0.526,0.885,0.3,1.0,1.2,1.4,0.9,0.2,1.2,1.3,7.2,ATL,4158439,0,0,0,0,0,4158439,1
Mark Williams,23.0,C,32.0,25.8,0.591,0.0,0.591,0.785,3.1,6.9,10.0,2.3,0.7,1.3,1.3,2.5,15.7,CHO,4094280,6276531,0,0,0,0,10370811,2
Keyonte George,21.0,PG,53.0,31.4,0.394,0.343,0.49,0.796,0.4,3.4,3.8,5.9,0.7,0.2,2.8,1.7,16.8,UTA,4084200,4278960,6563925,0,0,0,8363160,3
Cam Thomas,23.0,SG,25.0,31.2,0.438,0.349,0.513,0.881,0.6,2.7,3.3,3.8,0.6,0.1,2.5,1.8,24.0,BKN,4041249,0,0,0,0,0,4041249,1
Jared McCain,20.0,SG,23.0,25.7,0.46,0.383,0.553,0.875,0.6,1.9,2.4,2.6,0.7,0.0,1.6,1.6,15.3,PHI,4020360,4221360,4422600,6784268,0,0,8241720,4
Jaden Springer,22.0,SG,32.0,6.5,0.388,0.346,0.48,0.704,0.2,0.8,1.0,0.6,0.5,0.1,0.3,0.7,2.1,HOU,4018363,0,0,0,0,0,4018363,1
Dwight Powell,33.0,C,42.0,9.0,0.75,0.5,0.761,0.629,0.9,1.3,2.2,0.9,0.3,0.5,0.3,1.3,2.1,DAL,4000000,4000000,0,0,0,0,4000000,2
Day'Ron Sharpe,23.0,C,44.0,17.6,0.524,0.256,0.542,0.764,2.9,3.5,6.4,1.7,0.8,0.8,1.3,2.3,8.0,BKN,3989122,0,0,0,0,0,3989122,1
Santi Aldama,24.0,PF,53.0,25.0,0.487,0.375,0.576,0.7,1.6,5.1,6.7,2.8,0.8,0.5,1.0,1.1,12.7,MEM,3960531,0,0,0,0,0,3960531,1
Amir Coffey,27.0,SG,64.0,25.6,0.476,0.413,0.576,0.908,0.5,1.9,2.3,1.1,0.6,0.1,0.7,1.8,10.2,LAC,3938271,0,0,0,0,0,3938271,1
Jalen Hood-Schifino,21.0,SG,2.0,7.0,1.0,0.0,1.0,1.0,0.5,0.0,0.5,0.5,0.0,0.5,0.5,1.5,2.0,UTA,3879840,0,0,0,0,0,3879840,1
Kevin Love,36.0,PF,22.0,11.2,0.357,0.358,0.461,0.696,1.0,3.3,4.3,1.0,0.7,0.2,0.6,0.9,5.5,MIA,3850000,4150000,0,0,0,0,8000000,2
Dalton Knecht,23.0,SF,61.0,20.4,0.467,0.365,0.58,0.761,0.5,2.5,3.0,0.9,0.4,0.1,0.5,1.3,9.2,LAL,3819120,4010160,4201080,6452860,0,0,7829280,4
Tari Eason,23.0,PF,44.0,24.8,0.48,0.347,0.539,0.753,2.2,4.1,6.3,1.3,1.8,0.9,1.1,2.5,11.8,HOU,3695160,5675766,0,0,0,0,9370926,2
Jaime Jaquez Jr.,23.0,SF,53.0,21.4,0.446,0.299,0.485,0.766,1.2,3.3,4.4,2.5,1.0,0.2,1.5,1.4,8.6,MIA,3685800,3861600,5939141,0,0,0,7547400,3
Tristan Da Silva,23.0,SF,63.0,23.0,0.418,0.332,0.502,0.864,1.0,2.4,3.4,1.6,0.5,0.3,0.8,1.3,7.5,ORL,3628440,3809520,3991200,6138466,0,0,7437960,4
Brandin Podziemski,21.0,SG,50.0,25.4,0.427,0.319,0.503,0.757,1.0,3.8,4.9,3.4,1.1,0.2,1.1,1.5,10.1,GSW,3519960,3687960,5679459,0,0,0,7207920,3
Dalen Terry,22.0,SG,59.0,12.4,0.452,0.319,0.511,0.678,0.5,0.9,1.4,1.2,0.5,0.2,0.6,1.4,3.9,CHI,3510480,5399118,0,0,0,0,8909598,2
Svi Mykhailiuk,27.0,SF,27.0,19.9,0.388,0.34,0.504,0.792,0.6,1.9,2.4,1.9,0.6,0.2,1.5,1.2,9.4,UTA,3500000,3675000,3850000,4025000,0,0,3500000,4
Ja'Kobe Walter,20.0,SG,44.0,20.0,0.405,0.312,0.476,0.746,1.0,1.9,2.9,1.3,0.7,0.2,0.9,1.8,7.8,TOR,3465000,3638160,3811800,5870172,0,0,7103160,4
Cam Whitmore,20.0,SF,43.0,16.4,0.416,0.323,0.49,0.738,0.7,2.3,3.0,0.9,0.7,0.3,0.9,1.0,9.0,HOU,3379080,3539760,5458310,0,0,0,6918840,3
Jake LaRavia,23.0,PF,60.0,20.4,0.472,0.419,0.558,0.67,1.4,2.6,4.1,2.5,0.9,0.4,1.3,1.9,6.8,SAC,3352680,5163127,0,0,0,0,3352680,2
Jaylon Tyson,22.0,SG,40.0,9.2,0.461,0.359,0.529,0.778,0.8,1.2,2.0,1.0,0.2,0.1,0.5,1.1,3.1,CLE,3326160,3492480,3658560,5641500,0,0,6818640,4
Eric Gordon,36.0,SG,39.0,19.7,0.426,0.409,0.564,0.75,0.2,1.0,1.2,1.7,0.7,0.3,0.7,0.8,6.8,PHI,3303771,3468960,0,0,0,0,3303771,2
Cory Joseph,33.0,PG,36.0,8.6,0.37,0.357,0.494,0.75,0.2,0.7,0.9,0.9,0.3,0.1,0.3,0.7,2.4,ORL,3303771,3468960,0,0,0,0,3303771,2
Russell Westbrook,36.0,PG,59.0,27.8,0.465,0.336,0.524,0.64,1.5,3.5,5.0,6.0,1.4,0.5,3.0,2.5,12.9,DEN,5631296,3468960,0,0,0,0,3303771,2
Noah Clowney,20.0,PF,40.0,22.8,0.376,0.351,0.5,0.841,1.0,2.9,3.9,0.8,0.5,0.5,1.0,2.2,9.5,BKN,3244080,3398640,5414034,0,0,0,6642720,3
Malaki Branham,21.0,SG,37.0,8.2,0.429,0.386,0.521,0.85,0.1,0.9,1.0,0.7,0.2,0.1,0.8,0.4,3.8,SAS,3217920,4962033,0,0,0,0,8179953,2
Yves Missi,20.0,C,63.0,27.0,0.543,0.0,0.543,0.636,3.5,4.5,8.0,1.3,0.6,1.3,1.2,2.1,8.8,NOP,3193200,3353040,3512760,5595827,0,0,6546240,4
Dante Exum,29.0,PG,17.0,19.8,0.484,0.447,0.57,0.742,0.2,1.5,1.8,2.9,0.7,0.2,1.1,1.8,9.5,DAL,3150000,0,0,0,0,0,3150000,1
Dariq Whitehead,20.0,SF,10.0,5.9,0.481,0.522,0.704,0.333,0.1,0.5,0.6,0.1,0.3,0.1,0.6,0.2,3.9,BKN,3114240,3262560,5366912,0,0,0,6376800,3
Christian Braun,23.0,SG,65.0,33.4,0.565,0.383,0.617,0.824,1.2,3.8,5.1,2.3,1.1,0.5,0.9,2.2,15.2,DEN,3089640,4921797,0,0,0,0,8011437,2
Johnny Juzang,23.0,SG,48.0,18.2,0.423,0.372,0.552,0.814,0.6,2.2,2.8,0.9,0.5,0.1,0.5,1.9,7.9,UTA,3087519,2840518,2708000,2789215,0,0,3087519,4
Josh Richardson,31.0,SG,8.0,18.8,0.289,0.273,0.368,1.0,0.8,0.8,1.5,1.5,1.0,0.1,1.0,2.1,4.0,UTA,3051153,0,0,0,0,0,3051153,1
Kyle Filipowski,21.0,C,56.0,19.3,0.516,0.382,0.593,0.629,1.4,4.0,5.4,1.9,0.6,0.2,1.3,2.2,8.3,UTA,3000000,3000000,3000000,3000000,0,0,6000000,4
Julian Champagnie,23.0,SF,64.0,23.2,0.416,0.357,0.545,0.906,0.8,3.0,3.8,1.3,0.8,0.4,0.9,1.3,9.5,SAS,3000000,3000000,3000000,0,0,0,3000000,3
Ajay Mitchell,22.0,SG,34.0,16.5,0.506,0.431,0.572,0.848,0.5,1.5,2.0,1.7,0.7,0.1,0.8,1.7,6.4,OKC,3000000,3000000,0,0,0,0,3000000,2
Kris Murray,24.0,SF,55.0,13.8,0.45,0.256,0.502,0.409,1.0,1.2,2.3,0.8,0.5,0.2,0.5,0.9,4.0,POR,2990040,3132000,5315004,0,0,0,6122040,3
Walker Kessler,23.0,C,50.0,30.4,0.725,0.333,0.728,0.536,4.7,7.6,12.3,1.6,0.6,2.5,1.5,2.2,11.5,UTA,2965920,4878938,0,0,0,0,7844858,2
Shake Milton,28.0,SG,48.0,14.9,0.462,0.371,0.547,0.8,0.5,1.3,1.8,1.9,0.4,0.1,0.7,1.2,5.7,LAL,2875000,3000000,3287406,0,0,0,9162406,3
Olivier-Maxence Prosper,22.0,PF,52.0,11.2,0.402,0.235,0.437,0.645,0.8,1.6,2.4,0.8,0.5,0.1,0.3,0.5,3.9,DAL,2870400,3007080,5259383,0,0,0,5877480,3
David Roddy,23.0,PF,30.0,12.5,0.464,0.333,0.545,0.818,0.4,2.2,2.6,1.1,0.5,0.3,0.7,0.6,4.7,ATL,2967212,0,0,0,0,0,2847240,1
Torrey Craig,34.0,SF,17.0,11.2,0.478,0.42,0.634,0.75,1.1,1.3,2.4,0.5,0.2,0.4,0.1,1.4,5.4,CHI,3625162,0,0,0,0,0,2845342,1
Kyshawn George,21.0,SG,59.0,27.1,0.362,0.319,0.469,0.769,0.7,3.4,4.2,2.4,1.0,0.8,1.5,3.1,8.5,WAS,2825520,2966760,3108000,5435892,0,0,5792280,4
AJ Johnson,20.0,SG,12.0,8.2,0.371,0.286,0.429,0.75,0.1,0.9,1.0,1.5,0.2,0.0,0.4,0.5,2.8,WAS,2795294,3090480,3237120,5493394,0,0,5885774,4
Marcus Sasser,24.0,PG,48.0,13.3,0.464,0.368,0.561,0.839,0.3,0.8,1.1,2.2,0.6,0.1,0.9,1.3,5.7,DET,2755080,2886720,5198983,0,0,0,5641800,3
MarJon Beauchamp,24.0,SF,30.0,4.8,0.404,0.385,0.491,0.688,0.3,0.9,1.2,0.3,0.1,0.0,0.5,0.4,2.2,LAC,2733720,0,0,0,0,0,2733720,1
Trendon Watford,24.0,PF,29.0,18.2,0.442,0.298,0.483,0.797,0.8,2.6,3.4,2.2,0.7,0.2,1.7,2.2,8.8,BKN,2726603,0,0,0,0,0,2726603,1
Ben Sheppard,23.0,SG,50.0,20.2,0.439,0.363,0.563,0.913,0.7,2.0,2.7,1.3,0.6,0.2,0.3,2.1,6.0,IND,2663880,2790720,5031669,0,0,0,5454600,3
Blake Wesley,21.0,SG,40.0,8.3,0.468,0.231,0.5,0.667,0.2,0.5,0.6,1.8,0.4,0.1,0.8,0.5,2.8,SAS,2624280,4726328,0,0,0,0,7350608,2
Dillon Jones,23.0,SF,39.0,9.1,0.34,0.204,0.394,0.55,0.6,1.4,2.0,1.0,0.2,0.1,0.4,0.9,2.2,OKC,2622360,2753280,2884440,5200646,0,0,5375640,4
Nick Smith Jr.,20.0,SG,46.0,21.9,0.382,0.305,0.465,0.917,0.2,1.8,2.0,2.0,0.3,0.1,1.3,1.3,8.8,CHO,2587200,2710680,4890067,0,0,0,5297880,3
Brice Sensabaugh,21.0,SF,55.0,18.7,0.449,0.392,0.567,0.92,0.6,2.1,2.7,1.4,0.5,0.1,1.4,1.4,9.9,UTA,2571480,2693760,4862237,0,0,0,5265240,3
Ty Jerome,27.0,SG,60.0,19.6,0.504,0.438,0.594,0.902,0.7,1.9,2.6,3.3,1.2,0.0,1.3,1.5,11.9,CLE,2560975,0,0,0,0,0,2560975,1
Julian Strawther,22.0,SG,61.0,22.1,0.434,0.357,0.534,0.829,0.3,1.9,2.2,1.3,0.6,0.2,0.9,2.4,9.4,DEN,2552520,2674200,4826931,0,0,0,5226720,3
Terrence Shannon Jr.,24.0,SG,27.0,11.2,0.491,0.367,0.542,0.81,0.4,1.2,1.6,1.0,0.2,0.2,0.5,0.9,5.0,MIN,2546640,2674080,2801640,5054159,0,0,5220720,4
Wendell Moore Jr.,23.0,SG,27.0,12.1,0.451,0.375,0.506,0.882,0.8,1.6,2.4,1.0,0.4,0.1,0.6,0.8,3.6,DET,2537040,0,0,0,0,0,2537040,1
Kobe Brown,25.0,PF,30.0,7.3,0.468,0.19,0.5,0.8,0.6,1.2,1.8,0.6,0.1,0.1,0.3,0.6,2.2,LAC,2533920,2654880,4792059,0,0,0,5188800,3
Ryan Dunn,22.0,SF,58.0,16.9,0.43,0.304,0.511,0.444,0.9,2.1,3.0,0.8,0.4,0.6,0.4,2.1,5.7,PHO,2530800,2657760,2784240,5025553,0,0,5188560,4
Isaiah Collier,20.0,PG,58.0,24.8,0.41,0.237,0.447,0.648,0.4,2.7,3.1,6.2,0.9,0.2,3.0,2.2,7.6,UTA,2512680,2638200,2763960,4988948,0,0,5150880,4
Baylor Scheierman,24.0,SG,17.0,7.8,0.257,0.174,0.314,0.833,0.3,1.2,1.5,0.7,0.3,0.0,0.1,0.5,1.6,BOS,2494320,2619000,2744040,4952993,0,0,10191353,4
Paul Reed,25.0,C,37.0,9.2,0.536,0.286,0.563,0.794,0.9,1.7,2.6,0.9,0.9,0.5,0.5,1.5,4.1,DET,3913234,0,0,0,0,0,3913234,1
Nikola Jović,21.0,PF,46.0,25.1,0.456,0.371,0.56,0.828,0.6,3.3,3.9,2.8,0.8,0.3,1.3,1.8,10.7,MIA,2464200,4445417,0,0,0,0,6909617,2
Jaxson Hayes,24.0,C,40.0,19.2,0.714,0.0,0.714,0.734,1.4,3.2,4.6,1.1,0.6,1.0,0.8,2.3,6.4,LAL,2463946,0,0,0,0,0,2463946,1
Cam Reddish,25.0,SF,31.0,18.1,0.43,0.289,0.506,0.615,0.5,1.5,2.0,0.7,1.0,0.3,0.4,1.4,3.3,LAL,2463946,0,0,0,0,0,2463946,1
Patrick Baldwin Jr.,22.0,SF,22.0,4.6,0.515,0.524,0.682,0.5,0.2,0.8,1.0,0.1,0.1,0.1,0.2,0.2,2.1,SAS,2448840,0,0,0,0,0,2448840,1
DaQuan Jeffries,27.0,SG,30.0,20.1,0.39,0.292,0.474,0.824,0.8,1.8,2.7,1.1,0.6,0.5,0.6,2.1,5.3,CHO,2425404,2743776,3080918,0,0,0,2425404,3
Peyton Watson,22.0,SF,53.0,23.5,0.472,0.364,0.533,0.738,0.7,2.5,3.3,1.4,0.8,1.2,0.9,1.8,7.9,DEN,2413560,4356476,0,0,0,0,6770036,2
Xavier Tillman Sr.,26.0,C,29.0,7.1,0.261,0.185,0.315,0.5,0.3,1.0,1.3,0.2,0.3,0.2,0.4,0.6,1.0,BOS,2237691,2546675,0,0,0,0,4784366,2
Anthony Gill,32.0,PF,42.0,5.6,0.51,0.368,0.582,0.613,0.2,0.7,0.8,0.2,0.1,0.0,0.1,0.5,1.8,WAS,2237691,2546675,0,0,0,0,2237691,2
James Wiseman,23.0,C,1.0,5.0,0.5,0.0,0.5,1.0,0.0,1.0,1.0,0.0,0.0,0.0,0.0,0.0,6.0,TOR,2237691,0,0,0,0,0,2237691,1
Kevin Porter Jr.,24.0,SG,59.0,18.8,0.44,0.285,0.477,0.712,0.5,2.8,3.4,3.2,1.0,0.2,1.9,1.5,9.4,MIL,3237691,2546675,0,0,0,0,2237691,2
Garrison Mathews,28.0,SG,44.0,17.6,0.397,0.39,0.562,0.818,0.3,1.5,1.8,1.3,0.6,0.3,0.7,1.8,7.6,ATL,2230253,0,0,0,0,0,2230253,1
Jeremiah Robinson-Earl,24.0,PF,51.0,17.4,0.453,0.339,0.533,0.825,1.5,2.8,4.4,1.1,0.6,0.1,0.6,1.2,5.7,NOP,2196970,0,0,0,0,0,2196970,1
Lindy Waters III,27.0,SG,45.0,15.2,0.374,0.335,0.498,0.727,0.4,1.8,2.2,1.0,0.5,0.2,0.4,1.3,5.0,DET,2196970,0,0,0,0,0,2196970,1
Dalano Banton,25.0,PG,52.0,15.1,0.415,0.361,0.494,0.71,0.4,1.5,1.9,2.1,0.6,0.4,1.2,0.8,8.0,POR,2196970,0,0,0,0,0,2019706,1
Sam Merrill,28.0,SG,56.0,19.3,0.403,0.369,0.564,0.966,0.5,1.6,2.1,1.4,0.7,0.2,0.4,1.8,7.1,CLE,2164993,0,0,0,0,0,2164993,1
Luka Garza,26.0,C,32.0,6.0,0.473,0.242,0.516,0.677,1.0,0.6,1.6,0.3,0.2,0.1,0.3,0.8,3.7,MIN,2162606,2349578,0,0,0,0,2162606,2
Keon Johnson,22.0,SG,64.0,23.8,0.373,0.293,0.448,0.774,0.8,2.8,3.7,2.0,1.0,0.4,1.3,2.5,9.8,BKN,2162606,2349578,0,0,0,0,2162606,2
Neemias Queta,25.0,C,50.0,14.4,0.645,0.0,0.645,0.729,1.5,2.5,3.9,0.7,0.3,0.7,0.7,1.8,5.1,BOS,2162606,2349578,2667944,0,0,0,2162606,3
Vit Krejci,24.0,PG,41.0,20.5,0.453,0.396,0.589,0.667,0.4,2.3,2.7,2.7,0.7,0.5,1.0,1.9,7.0,ATL,2162606,2349578,2667944,3005085,0,0,2162606,4
Vince Williams Jr.,24.0,SG,15.0,18.6,0.404,0.255,0.471,0.722,1.0,2.7,3.7,2.1,0.7,0.2,1.4,1.9,7.4,MEM,2120693,2301587,2489752,0,0,0,4422280,3
Colby Jones,22.0,SG,25.0,5.3,0.423,0.4,0.5,0.0,0.3,0.6,0.9,0.3,0.2,0.3,0.3,0.5,1.0,WAS,2120693,2221677,2406205,0,0,0,2120693,3
Keon Ellis,25.0,SG,63.0,23.1,0.481,0.429,0.627,0.848,0.8,1.8,2.5,1.3,1.4,0.8,0.8,2.0,8.3,SAC,2120693,2301587,0,0,0,0,2120693,2
A.J. Green,25.0,SG,58.0,22.8,0.427,0.42,0.608,0.905,0.2,2.0,2.3,1.4,0.6,0.1,0.5,2.2,7.5,MIL,2120693,2301587,0,0,0,0,2120693,2
Sam Hauser,27.0,PF,56.0,20.6,0.438,0.399,0.609,1.0,0.7,2.4,3.1,0.9,0.6,0.2,0.4,1.2,7.7,BOS,2092344,10044644,10848215,11651785,12455356,0,47092344,5
Jericho Sims,26.0,C,51.0,11.9,0.652,0.0,0.652,0.615,1.3,2.4,3.8,0.6,0.2,0.4,0.6,1.2,1.9,MIL,2092344,0,0,0,0,0,2092344,1
Jay Huff,26.0,C,52.0,12.1,0.512,0.415,0.652,0.771,0.5,1.6,2.1,0.6,0.2,0.9,0.6,1.3,7.1,MEM,2088033,2349578,2667944,3005085,0,0,4437611,4
Tyler Kolek,23.0,PG,30.0,5.1,0.367,0.367,0.48,1.0,0.1,0.4,0.5,0.7,0.2,0.0,0.3,0.4,1.8,NYK,2087519,2191897,2296271,2486995,0,0,6575687,4
Scotty Pippen Jr.,24.0,PG,65.0,20.2,0.471,0.36,0.538,0.706,0.8,2.4,3.2,4.2,1.3,0.4,1.7,2.5,9.1,MEM,2087519,2270735,2461462,2789215,0,0,4358254,4
Reggie Jackson,34.0,PG,31.0,12.4,0.391,0.338,0.485,0.778,0.3,1.1,1.4,1.5,0.5,0.1,0.5,1.1,4.4,WAS,4033748,0,0,0,0,0,2087519,1
Alex Len,31.0,C,42.0,7.9,0.5,0.167,0.51,0.538,0.7,1.1,1.9,0.8,0.2,0.5,0.3,1.0,1.4,WAS,2831348,0,0,0,0,0,2087519,1
Mo Bamba,26.0,C,30.0,13.1,0.454,0.283,0.523,0.68,1.0,3.5,4.5,0.6,0.3,1.0,0.6,1.8,4.3,UTA,2087519,0,0,0,0,0,2087519,1
Garrett Temple,38.0,SG,20.0,5.3,0.24,0.273,0.3,1.0,0.2,0.6,0.8,1.1,0.5,0.1,0.4,0.7,1.0,TOR,2087519,0,0,0,0,0,2087519,1
Charles Bassey,24.0,C,34.0,10.7,0.586,0.0,0.586,0.636,1.6,2.8,4.4,0.5,0.4,0.9,0.7,1.4,4.6,SAS,2087519,2500000,0,0,0,0,2087519,2
Jordan McLaughlin,28.0,PG,35.0,6.0,0.408,0.414,0.531,0.737,0.1,0.5,0.6,0.9,0.3,0.0,0.3,0.4,1.9,SAS,2087519,0,0,0,0,0,2087519,1
Sandro Mamukelashvili,25.0,PF,43.0,8.6,0.511,0.373,0.622,0.714,0.6,1.7,2.3,0.6,0.3,0.3,0.3,0.8,4.6,SAS,2087519,0,0,0,0,0,2087519,1
Doug McDermott,33.0,SF,36.0,7.9,0.418,0.423,0.599,0.6,0.1,0.4,0.5,0.1,0.1,0.1,0.2,0.8,3.1,SAC,2087519,0,0,0,0,0,2087519,1
Tyus Jones,28.0,PG,65.0,28.2,0.443,0.413,0.561,0.885,0.5,2.0,2.4,5.8,0.9,0.1,1.3,0.9,10.3,PHO,2087519,0,0,0,0,0,2087519,1
Bol Bol,25.0,PF,30.0,14.0,0.509,0.33,0.592,0.769,0.6,2.7,3.3,0.6,0.3,0.8,0.6,0.7,7.5,PHO,2087519,0,0,0,0,0,2087519,1
Monte Morris,29.0,PG,40.0,13.1,0.404,0.301,0.468,0.85,0.3,1.2,1.4,1.7,0.4,0.1,0.4,0.5,4.9,PHO,2087519,0,0,0,0,0,2087519,1
Mason Plumlee,34.0,C,65.0,18.1,0.618,0.0,0.618,0.646,1.6,4.7,6.4,1.8,0.4,0.7,0.8,2.2,4.7,PHO,2087519,0,0,0,0,0,2087519,1
Damion Lee,32.0,SG,17.0,6.1,0.34,0.222,0.396,0.941,0.1,0.7,0.8,0.5,0.2,0.0,0.4,0.3,3.4,PHO,2087519,0,0,0,0,0,2087519,1
Guerschon Yabusele,29.0,C,60.0,26.5,0.501,0.388,0.597,0.743,1.9,3.5,5.4,2.0,0.8,0.4,1.3,2.4,10.5,PHI,2087519,0,0,0,0,0,2087519,1
Kyle Lowry,38.0,PG,33.0,18.9,0.351,0.337,0.477,0.818,0.3,1.6,2.0,2.8,0.9,0.3,0.6,1.8,4.0,PHI,2087519,0,0,0,0,0,2087519,1
Daniel Theis,32.0,C,38.0,16.3,0.473,0.243,0.508,0.838,1.2,3.2,4.3,1.6,0.5,0.5,0.7,1.8,4.3,OKC,2087519,0,0,0,0,0,2087519,1
Cameron Payne,30.0,PG,59.0,14.3,0.413,0.367,0.521,0.891,0.2,1.2,1.4,2.6,0.6,0.2,0.7,1.5,6.9,NYK,2087519,0,0,0,0,0,2087519,1
Delon Wright,32.0,PG,30.0,14.1,0.282,0.255,0.359,0.55,0.5,1.1,1.6,1.7,0.8,0.3,0.5,0.6,2.4,NYK,2087519,0,0,0,0,0,2087519,1
Joe Ingles,37.0,SF,18.0,6.0,0.3,0.231,0.375,0.0,0.1,0.5,0.6,1.2,0.1,0.0,0.4,0.6,0.8,MIN,2087519,0,0,0,0,0,2087519,1
Gary Trent Jr.,26.0,SG,58.0,24.8,0.436,0.418,0.571,0.842,0.3,2.0,2.3,1.1,1.0,0.1,0.6,1.8,10.6,MIL,2087519,0,0,0,0,0,2087519,1
Taurean Prince,30.0,SF,64.0,26.6,0.448,0.446,0.594,0.839,0.5,3.3,3.8,2.0,0.8,0.1,1.0,2.1,8.1,MIL,2087519,0,0,0,0,0,2087519,1
Alec Burks,33.0,SG,36.0,17.7,0.407,0.419,0.559,0.756,0.4,2.3,2.7,1.1,0.6,0.2,0.4,0.7,6.4,MIA,2087519,0,0,0,0,0,2087519,1
Markieff Morris,35.0,PF,11.0,6.6,0.25,0.273,0.333,0.75,0.0,0.9,0.9,0.8,0.1,0.1,0.3,0.7,2.5,LAL,2087519,0,0,0,0,0,2087519,1
Patty Mills,36.0,PG,23.0,12.6,0.341,0.303,0.459,0.857,0.1,0.8,0.9,1.0,0.6,0.1,0.7,0.8,3.7,LAC,2087519,0,0,0,0,0,2087519,1
James Johnson,37.0,PF,12.0,3.1,0.364,0.0,0.364,0.0,0.0,0.5,0.5,0.3,0.0,0.2,0.3,0.4,0.7,IND,2087519,0,0,0,0,0,2087519,1
Thomas Bryant,27.0,C,48.0,15.1,0.52,0.355,0.598,0.826,1.4,2.6,4.1,1.0,0.4,0.6,0.5,1.2,6.9,IND,2087519,0,0,0,0,0,2087519,1
DeAndre Jordan,36.0,C,46.0,11.5,0.651,0.0,0.651,0.405,1.4,3.3,4.7,0.8,0.3,0.4,0.7,1.2,3.3,DEN,2087519,0,0,0,0,0,2087519,1
Vlatko Čančar,27.0,PF,6.0,6.8,0.571,0.5,0.643,0.0,0.5,1.2,1.7,0.0,0.0,0.2,0.3,0.7,1.5,DEN,2087519,0,0,0,0,0,2087519,1
Spencer Dinwiddie,31.0,PG,65.0,25.7,0.409,0.336,0.492,0.813,0.2,2.2,2.4,3.8,0.8,0.2,1.2,1.5,10.3,DAL,2087519,0,0,0,0,0,2087519,1
Tristan Thompson,33.0,C,33.0,7.2,0.434,0.0,0.434,0.227,0.7,2.1,2.8,0.6,0.0,0.2,0.3,0.8,1.5,CLE,2087519,0,0,0,0,0,2087519,1
Seth Curry,34.0,SG,54.0,14.5,0.465,0.447,0.588,0.8,0.4,1.2,1.6,0.7,0.4,0.1,0.4,0.9,5.9,CHO,2087519,0,0,0,0,0,2087519,1
Taj Gibson,39.0,C,27.0,11.3,0.486,0.5,0.493,0.688,1.5,2.0,3.6,0.6,0.3,0.4,0.7,1.6,3.0,CHO,2087519,0,0,0,0,0,2087519,1
Talen Horton-Tucker,24.0,SG,48.0,11.3,0.447,0.368,0.527,0.691,0.3,1.4,1.7,1.3,0.3,0.2,0.7,1.0,5.6,CHI,2087519,0,0,0,0,0,2087519,1
Luke Kornet,29.0,C,58.0,17.9,0.665,0.0,0.665,0.714,2.4,2.6,5.0,1.6,0.5,1.0,0.4,1.6,5.3,BOS,2087519,0,0,0,0,0,2087519,1
Duop Reath,28.0,C,35.0,7.9,0.388,0.292,0.495,0.857,0.5,0.9,1.4,0.5,0.2,0.3,0.3,0.6,3.1,POR,2048780,2221677,0,0,0,0,2048780,2
Andrew Nembhard,25.0,SG,48.0,28.8,0.471,0.311,0.519,0.794,0.5,2.6,3.2,5.1,1.4,0.2,1.8,2.4,10.3,IND,2019699,18102000,19550160,20998320,0,0,60670179,4
Jaden Hardy,22.0,SG,46.0,15.2,0.428,0.384,0.521,0.672,0.2,1.4,1.5,1.4,0.5,0.1,1.4,1.5,8.0,DAL,2019699,6000000,6000000,6000000,0,0,14019699,4
Jabari Walker,22.0,SF,50.0,11.8,0.506,0.383,0.571,0.654,1.0,2.5,3.5,0.6,0.6,0.1,0.5,1.5,4.7,POR,2019699,0,0,0,0,0,2019699,1
Caleb Houstan,22.0,SF,43.0,11.3,0.339,0.324,0.479,0.929,0.3,0.7,1.0,0.4,0.2,0.1,0.1,1.0,2.9,ORL,2019699,2187699,0,0,0,0,2019699,2
Jaylin Williams,22.0,PF,36.0,16.3,0.407,0.347,0.53,0.8,1.1,4.3,5.4,2.4,0.4,0.6,0.7,1.6,5.3,OKC,2019699,2187451,0,0,0,0,2019699,2
Josh Minott,22.0,SF,38.0,6.2,0.434,0.235,0.487,0.846,0.3,0.8,1.1,0.4,0.3,0.3,0.3,0.7,2.2,MIN,2019699,2187451,0,0,0,0,2019699,2
Jose Alvarado,26.0,PG,43.0,23.7,0.408,0.385,0.528,0.816,0.5,1.9,2.4,4.6,1.4,0.3,1.1,1.7,9.8,NOP,1988598,4500000,4500000,0,0,0,6488598,3
Ricky Council IV,23.0,SF,56.0,14.7,0.399,0.283,0.464,0.833,0.6,1.6,2.2,1.2,0.5,0.1,0.5,0.8,6.4,PHI,1891857,2221677,2406205,0,0,0,4113534,3
GG Jackson II,20.0,PF,23.0,16.7,0.405,0.349,0.494,0.722,1.0,2.2,3.2,1.1,0.4,0.2,1.2,1.1,8.1,MEM,1891857,2221677,2406205,0,0,0,4113534,3
Jalen Pickett,25.0,SG,33.0,11.4,0.442,0.386,0.548,1.0,0.2,1.0,1.2,1.8,0.3,0.1,0.4,0.6,3.5,DEN,1891857,2221677,2406205,0,0,0,4113534,3
Hunter Tyson,24.0,PF,43.0,7.3,0.38,0.321,0.487,0.696,0.3,1.1,1.4,0.3,0.1,0.1,0.3,0.9,2.2,DEN,1891857,2221677,2406205,0,0,0,4113534,3
Julian Phillips,21.0,SF,64.0,13.9,0.443,0.328,0.531,0.761,0.9,1.2,2.1,0.5,0.4,0.3,0.4,1.3,4.6,CHI,1891857,2221677,2406205,0,0,0,4113534,3
Jordan Walsh,20.0,PF,42.0,8.1,0.375,0.302,0.477,0.583,0.5,0.8,1.3,0.4,0.2,0.2,0.3,0.6,1.6,BOS,1891857,2221677,2406205,0,0,0,2091857,3
Sidy Cissoko,20.0,SF,20.0,3.0,0.5,0.429,0.583,0.167,0.2,0.4,0.6,0.3,0.1,0.0,0.2,0.4,1.1,WAS,1891857,0,0,0,0,0,1891857,1
Toumani Camara,24.0,PF,65.0,32.7,0.453,0.364,0.541,0.745,2.3,3.6,5.9,2.2,1.5,0.6,1.5,3.1,10.6,POR,1891857,2221677,2406205,0,0,0,1891857,3
Rayan Rupert,20.0,SG,41.0,7.5,0.39,0.27,0.451,0.75,0.5,0.6,1.1,0.4,0.2,0.0,0.5,0.6,2.2,POR,1891857,2221677,0,0,0,0,1891857,2
Leonard Miller,21.0,SF,10.0,2.7,0.357,0.0,0.357,1.0,0.3,0.8,1.1,0.0,0.2,0.1,0.2,0.2,1.8,MIN,1891857,2221677,2406205,0,0,0,1891857,3
Chris Livingston,21.0,SF,15.0,4.7,0.333,0.0,0.333,0.625,0.5,1.1,1.5,0.1,0.3,0.0,0.3,0.3,1.1,MIL,1891857,2221677,2406205,0,0,0,1891857,3
Andre Jackson Jr.,23.0,SG,57.0,15.8,0.467,0.397,0.547,0.556,1.0,1.9,2.9,1.3,0.5,0.2,0.9,1.9,3.7,MIL,1891857,2221677,2406205,0,0,0,1891857,3
Gui Santos,22.0,PF,41.0,13.8,0.482,0.364,0.584,0.727,1.2,1.9,3.1,1.5,0.4,0.2,0.8,1.8,4.5,GSW,1891857,2221677,0,0,0,0,1891857,2
Trayce Jackson-Davis,24.0,C,53.0,17.3,0.573,0.0,0.573,0.591,2.1,3.4,5.5,1.9,0.4,0.7,0.8,1.3,7.1,GSW,1891857,2221677,2406205,0,0,0,1891857,3
Craig Porter Jr.,24.0,PG,41.0,8.9,0.549,0.455,0.632,0.769,0.3,0.9,1.2,1.4,0.3,0.3,0.6,0.4,3.0,CLE,1891857,2221677,2406205,0,0,0,1891857,3
Jalen Wilson,24.0,PF,65.0,25.9,0.396,0.317,0.486,0.833,1.0,2.3,3.3,1.8,0.5,0.0,1.1,2.2,9.1,BKN,1891857,2221677,0,0,0,0,1891857,2
Maxwell Lewis,22.0,SF,13.0,3.9,0.308,0.5,0.385,0.0,0.2,0.5,0.8,0.2,0.1,0.0,0.2,0.2,0.8,BKN,1891857,2221677,2406205,0,0,0,1891857,3
Mouhamed Gueye,22.0,PF,18.0,16.2,0.436,0.255,0.5,0.789,0.8,2.5,3.3,0.8,1.1,1.1,0.4,1.6,6.4,ATL,1891857,2221677,2406205,0,0,0,1891857,3
Jonathan Mogbo,23.0,PF,49.0,17.9,0.451,0.298,0.482,0.703,1.6,2.6,4.1,1.6,0.8,0.5,0.9,2.1,5.3,TOR,1862265,1955377,2296271,0,0,0,3817642,3
Jamal Shead,22.0,PG,60.0,17.9,0.418,0.327,0.488,0.756,0.4,1.0,1.3,3.7,0.5,0.1,1.5,2.0,6.2,TOR,1862265,1955377,2296271,0,0,0,3817642,3
Johnny Furphy,20.0,SG,40.0,6.8,0.365,0.306,0.452,1.0,0.4,0.8,1.2,0.3,0.3,0.2,0.2,0.7,1.7,IND,1850842,1955377,2296271,2486995,0,0,6102490,4
Pacome Dadiet,19.0,SG,14.0,6.8,0.333,0.353,0.444,0.667,0.0,1.0,1.0,0.4,0.2,0.1,0.1,0.4,1.9,NYK,1808080,2847600,2983680,5373608,0,0,4655680,4
Javonte Green,31.0,SG,54.0,20.9,0.458,0.368,0.547,0.739,0.9,2.6,3.5,0.9,1.0,0.6,0.5,1.5,5.7,NOP,1728488,0,0,0,0,0,1728488,1
Jae Crowder,34.0,PF,7.0,13.1,0.353,0.25,0.441,0.833,0.9,1.6,2.4,0.6,0.4,0.0,0.6,1.4,2.9,SAC,1655619,0,0,0,0,0,1655619,1
Karlo Matković,23.0,PF,29.0,17.6,0.546,0.342,0.596,0.793,1.6,3.0,4.6,1.0,0.4,1.1,0.9,2.3,6.1,NOP,1407153,1955377,2296271,0,0,0,3362530,3
Landry Shamet,27.0,SG,33.0,12.0,0.486,0.361,0.589,0.556,0.2,0.8,0.9,0.5,0.5,0.1,0.4,0.9,4.0,NYK,1343690,0,0,0,0,0,1343690,1
Bobi Klintman,21.0,SF,6.0,2.8,0.0,0.0,0.0,0.0,0.0,0.7,0.7,0.2,0.0,0.2,0.2,0.3,0.0,DET,1257153,1955377,2296271,2486995,0,0,3212530,4
Tyler Smith,20.0,PF,17.0,4.9,0.472,0.4,0.583,0.5,0.2,0.9,1.2,0.2,0.1,0.2,0.4,0.5,2.6,MIL,1157153,1955377,2296271,2486995,0,0,5408801,4
Oso Ighodaro,22.0,PF,45.0,14.2,0.589,0.0,0.589,0.528,0.8,2.3,3.1,0.9,0.4,0.4,0.6,1.5,3.4,PHO,1157153,1955377,2296271,2486995,0,0,3112530,4
Jaylen Wells,21.0,SG,66.0,26.0,0.433,0.363,0.538,0.809,1.1,2.2,3.3,1.7,0.6,0.1,1.0,1.8,10.9,MEM,1157153,1955377,2296271,2486995,0,0,3112530,4
Bronny James,20.0,SG,18.0,4.2,0.258,0.2,0.306,0.667,0.1,0.4,0.4,0.4,0.2,0.1,0.3,0.3,1.4,LAL,1157153,1955377,2296271,2486995,0,0,3112530,4
Cam Christie,19.0,SG,6.0,5.2,0.333,0.25,0.417,0.5,0.2,0.8,1.0,0.3,0.3,0.0,0.3,0.3,1.8,LAC,1157153,1955377,2296271,2486995,0,0,3112530,4
Adem Bona,21.0,C,46.0,11.9,0.688,0.0,0.688,0.661,1.2,2.0,3.2,0.3,0.3,0.9,0.7,1.9,3.7,PHI,1157153,1955377,2296271,2486995,0,0,1157153,4
Antonio Reeves,24.0,SG,30.0,10.6,0.422,0.355,0.517,0.846,0.4,0.7,1.2,0.8,0.3,0.1,0.4,0.5,4.4,NOP,1157153,1955377,2296271,0,0,0,1157153,3
Pelle Larsson,23.0,SG,42.0,13.0,0.441,0.324,0.522,0.683,0.4,1.0,1.5,1.0,0.4,0.1,0.3,1.8,4.0,MIA,1157153,1955377,2296271,0,0,0,1157153,3
Bruno Fernando,26.0,C,17.0,8.6,0.531,0.0,0.531,0.75,1.2,1.8,3.0,1.1,0.2,0.5,0.8,1.6,3.4,TOR,1115128,0,0,0,0,0,1115128,1
Ariel Hukporti,22.0,C,25.0,8.7,0.677,0.0,0.677,0.462,0.6,1.5,2.0,0.4,0.0,0.6,0.8,1.3,1.9,NYK,1064049,1955377,0,0,0,0,1064049,2
PJ Dozier,28.0,SG,9.0,3.9,0.667,0.667,1.0,0.167,0.1,0.4,0.6,0.6,0.1,0.0,0.1,0.3,0.8,MIN,1051255,0,0,0,0,0,1051255,1
Jamison Battle,23.0,SF,43.0,13.6,0.452,0.416,0.609,0.857,0.7,1.5,2.1,0.8,0.1,0.1,0.4,1.2,5.9,TOR,1000000,1955377,2296271,0,0,0,1000000,3
Orlando Robinson,24.0,C,31.0,14.7,0.437,0.286,0.465,0.795,1.7,2.5,4.2,1.5,0.5,0.4,0.9,1.7,5.4,SAC,1199723,0,0,0,0,0,959779,1
Moussa Diabaté,23.0,C,56.0,18.3,0.592,0.0,0.592,0.575,2.9,3.7,6.6,0.9,0.7,0.6,0.9,1.6,5.4,CHO,957763,2270735,2461462,0,0,0,957763,3
Jared Butler,24.0,SG,43.0,13.0,0.466,0.346,0.52,0.783,0.4,1.2,1.7,3.0,0.4,0.2,1.1,1.3,7.2,PHI,745726,2349578,0,0,0,0,745726,2
Markelle Fultz,26.0,PG,10.0,7.9,0.4,0.25,0.417,1.0,0.2,0.5,0.7,0.9,0.5,0.1,1.0,0.5,2.6,SAC,731831,0,0,0,0,0,731831,1
Keshad Johnson,23.0,SF,10.0,5.7,0.583,0.25,0.625,0.167,0.2,1.5,1.7,0.3,0.1,0.4,0.3,0.5,1.6,MIA,724883,1955377,0,0,0,0,724883,2
E.J. Liddell,24.0,PF,7.0,4.7,0.5,0.375,0.65,1.0,0.1,0.6,0.7,0.4,0.1,0.1,0.3,1.1,2.1,PHO,706898,706898,706898,0,0,0,2120694,3
Matt Ryan,27.0,SF,19.0,3.6,0.323,0.316,0.419,1.0,0.0,0.4,0.4,0.2,0.1,0.0,0.2,0.1,1.5,NYK,621439,0,0,0,0,0,621439,1
Ryan Rollins,22.0,PG,41.0,12.0,0.462,0.361,0.538,0.833,0.4,1.2,1.6,1.2,0.7,0.3,0.9,1.3,4.9,WAS,600000,0,0,0,0,0,600000,1
Quinten Post,24.0,PF,28.0,16.3,0.455,0.417,0.582,0.789,1.0,2.9,3.9,1.5,0.4,0.5,0.8,2.1,8.4,GSW,438920,1955377,0,0,0,0,438920,2
Justin Edwards,21.0,SF,32.0,24.3,0.447,0.346,0.544,0.704,1.0,2.1,3.0,1.4,0.8,0.3,0.9,2.3,8.3,PHI,425619,1955377,0,0,0,0,425619,2
Branden Carlson,25.0,C,20.0,6.1,0.442,0.412,0.605,1.0,0.3,1.2,1.5,0.4,0.1,0.4,0.2,0.7,2.8,OKC,496519,0,0,0,0,0,496519,1
Moses Brown,25.0,C,13.0,9.2,0.694,0.0,0.694,0.727,0.9,2.5,3.4,0.2,0.5,0.3,0.8,1.3,5.8,IND,306660,0,0,0,0,0,306660,1
Jaylen Nowell,25.0,SG,8.0,21.0,0.356,0.296,0.411,0.636,0.8,1.8,2.5,2.3,0.1,0.5,1.0,1.1,8.4,NOP,446743,0,0,0,0,0,278782,1
Elfrid Payton,30.0,PG,13.0,20.5,0.388,0.0,0.388,0.5,0.5,2.4,2.8,5.2,1.2,0.5,2.1,1.7,4.1,NOP,514753,0,0,0,0,0,274809,1
Bismack Biyombo,32.0,C,13.0,17.6,0.692,0.0,0.692,0.333,1.6,3.8,5.4,1.0,0.6,0.9,0.9,1.8,5.9,SAS,143967,0,0,0,0,0,287934,1
Malevy Leons,25.0,SF,6.0,3.5,0.0,0.0,0.0,0.5,0.2,0.3,0.5,0.2,0.0,0.0,0.2,0.7,0.3,OKC,126356,0,0,0,0,0,126356,1
Daishen Nix,22.0,PG,3.0,4.3,0.0,0.0,0.0,0.5,0.0,1.3,1.3,1.0,0.0,0.0,1.3,0.3,0.3,SAC,119972,0,0,0,0,0,119972,1
Chuma Okeke,26.0,PF,1.0,2.0,0.0,0.0,0.0,0.0,0.0,1.0,1.0,0.0,0.0,0.0,0.0,0.0,0.0,PHI,119972,0,0,0,0,0,119972,1
Jahlil Okafor,29.0,C,1.0,3.0,0.0,0.0,0.0,0.0,0.0,1.0,1.0,1.0,0.0,0.0,0.0,0.0,0.0,IND,119972,0,0,0,0,0,119972,1
